asset_version_id,asset_id,client_name,default_vintage_model_id,name_y,version_actif,type,status,asset_building_type,surface,accessible_entrance,accessible_lift,accessible_toilets,aem,air_conditioning_system,air_filtration,alt_gen,appli_security,asbestos,auditorium,bim_and_buildings_structure_data,bms_light,bms_thermal,carcass,caretaker,catering,ceiling_height,central,central_core_elevator_lobby_ccel,circulation,co2_hvac,co2_parking,compliance_score,corridor,data_security,daylight,dead_spaces,delivery,digital_services,double_glazing,elevator_distribution,end_point_security,energy_diagnosis,entrance,external_acoustic_insulation,external_structure,facade,fibre_distribution,fibre_equipment,fire_detection,fire_protection_systems,flood_resist,freight_elevator,garden_and_atrium,hermetic_envelope,hotel,hvac_age,hvac_obsolescence,hygrometry,industrial_technological_resist,inter_slab,internal_acoustic_insulation,internal_structure,internet_redundancy,internet_type,itc,last_refurbishment,lead,light_control,lighting_obsolescence,lobby,max_dens,meeting_zone,mining_resist,mobile_phone_signal,multifamily,network_security,nursery,parkings,physical_security,pml_seismic,proximity,public_access,raised_floor,reception,refurbishment_workspace,renewable_energy,restaurant,retail,reverberation,secure_telecom,secured_spaces,signature,smoke,south,spare_capacity,stairs,steps,suspended_ceiling,systems_back_up,telecom_age,terminal,terrace,thickness,training_room,transfer,transparency,typhoon_resist,upper_transfer,ups,ventilation,versatility_of_spaces,vertical_ways,view,voc_reduction,wall_insulation,wastes_sorting,water_obsolescence,water_recycling
8051,957,SFL,12,Edouard VII,V4,BaseAssetVersion,ACTUAL,HAUSSMANIEN,29110,0,0,0,0,2,1,2,1,0,1,-2,2,2,0,1,1,-1,0,1,0,2,2,1,0,1,0,0,1,1,0,-1,1,0,1,0,0,1,1,2,0,1,,1,1,0,1,-2,-2,1,,-2,1,-1,1,1,1,1,0,1,-2,0,,1,,1,1,1,0,0,1,2,-1,1,0,1,2,0,1,1,1,1,0,1,1,2,1,-1,0,0,1,-2,-1,2,-2,1,0,-1,,0,2,0,0,1,2,0,0,1,1,0
8030,953,SFL,12,106 Haussmann,V4,BaseAssetVersion,ACTUAL,STANDARD,13251,0,0,0,0,2,1,2,,0,1,-2,2,2,0,1,1,-1,0,1,0,2,2,1,0,1,0,0,1,1,0,0,1,-2,1,0,0,1,1,2,0,1,1,1,1,0,1,2,2,1,,-1,1,-1,,1,1,2,0,1,2,2,2,1,,1,1,,0,-1,1,2,0,1,0,1,2,0,-1,-1,1,1,0,,,1,1,-1,0,0,1,2,-1,2,-2,0,-1,-1,,0,2,0,0,1,2,2,0,1,1,0
8061,973,SFL,12,Le Vaisseau,V5,BaseAssetVersion,ACTUAL,STANDARD,6404,0,0,0,0,2,1,2,1,0,0,-2,2,2,0,1,1,-2,0,1,0,2,0,1,0,1,1,0,1,-1,0,0,-1,,0,0,0,-1,1,2,0,1,1,1,1,0,1,1,0,-1,,-2,1,0,0,1,1,-2,0,1,0,2,1,1,-1,1,1,1,0,0,1,2,2,0,-1,1,2,0,1,-1,-1,1,0,1,1,1,1,0,0,0,1,0,-1,2,1,1,0,0,,0,2,0,0,1,1,1,0,1,1,0
8035,976,SFL,12,131 Wagram,V4,BaseAssetVersion,ACTUAL,STANDARD,9200,0,0,0,0,2,1,2,1,0,0,-2,2,2,0,1,1,-1,0,0,0,2,2,1,0,1,2,0,1,-1,0,0,1,,1,0,0,1,1,2,0,1,,1,1,0,1,-1,-2,-1,,-1,1,-1,1,1,0,-2,0,0,-2,2,,1,,1,1,1,0,0,1,2,0,0,0,1,-2,0,-1,-1,1,1,0,0,0,1,1,0,0,0,1,2,0,2,0,0,-1,1,,0,2,0,0,1,2,2,0,1,1,0
8005,660,SFL,12,Cloud,V3,BaseAssetVersion,ACTUAL,STANDARD,38000,0,0,0,,2,1,2,1,0,1,-2,2,2,0,1,1,-1,0,1,0,2,2,1,0,1,-2,0,1,1,0,0,1,1,2,0,0,2,1,2,0,1,1,0,1,0,1,1,1,1,,1,1,1,0,1,1,1,0,1,1,2,-1,1,-1,1,1,1,0,0,1,2,0,1,0,1,2,1,1,-1,1,1,0,1,1,1,1,0,0,0,1,1,-1,2,-2,1,0,-1,,0,2,0,0,1,2,1,0,1,1,1
8001,661,SFL,12,Cezanne,V2,BaseAssetVersion,ACTUAL,STANDARD,22300,0,0,0,0,2,1,2,-1,0,1,-2,2,2,0,1,1,-1,0,1,0,2,2,1,0,-1,1,0,1,1,0,0,-1,,1,0,0,1,1,2,0,1,,1,1,0,1,-1,2,1,,1,1,1,0,1,1,2,0,1,2,2,0,1,-1,1,1,-1,0,-1,1,2,-1,1,0,1,2,0,1,-1,1,1,0,1,1,0,1,0,0,0,,2,-1,2,-2,0,0,0,,0,2,0,0,1,2,2,0,1,1,0
8017,951,SFL,12,90 Champs Elysees,V2,BaseAssetVersion,ACTUAL,STANDARD,7912,0,0,0,0,2,1,0,1,0,0,1,2,2,0,1,1,-1,0,1,0,2,2,1,0,1,-2,0,1,1,0,-1,1,-1,1,-1,0,1,1,2,0,1,,1,1,0,1,1,1,-1,,-1,1,0,1,1,1,0,0,1,1,1,0,1,-1,1,1,1,0,0,1,2,2,0,0,1,2,0,1,1,1,1,0,,1,1,1,-1,0,0,1,0,-1,2,-2,0,,-1,,0,0,0,0,1,2,1,0,1,1,0
8021,952,SFL,12,92 Champs Elysees,V2,BaseAssetVersion,ACTUAL,HAUSSMANIEN,7198,0,0,0,0,2,1,2,1,0,0,1,2,2,0,1,1,2,0,1,0,2,,1,0,1,1,0,1,1,0,0,1,-1,1,0,0,2,1,2,0,1,,1,1,0,1,1,2,-1,,1,1,-1,1,1,1,1,0,1,1,0,1,1,-1,1,1,1,0,-1,1,2,1,0,0,1,2,0,-1,1,-1,1,0,1,1,1,1,0,0,0,1,1,0,1,0,0,,-1,,0,0,0,0,1,2,0,0,1,1,1
7991,619,SFL,12,176 CDG,V4,BaseAssetVersion,ACTUAL,STANDARD,10728,0,0,0,0,2,1,2,1,0,1,-2,2,2,0,1,1,-1,0,0,0,2,0,1,0,1,1,0,1,1,0,-1,1,,1,0,0,0,,2,0,1,,0,1,0,1,2,2,,,-1,1,0,1,1,1,2,0,0,2,2,-1,1,,,1,1,0,0,1,2,2,1,,1,2,0,-1,-1,,1,0,,,1,,-1,0,0,,2,-1,2,-2,1,-1,0,,0,2,0,0,1,1,,0,1,1,0
8025,954,SFL,12,103 Rue de Grenelle,V4,BaseAssetVersion,ACTUAL,STANDARD,16084,0,0,-1,0,2,1,0,1,0,1,-2,2,2,0,1,1,-1,-1,1,0,2,0,1,0,1,2,0,1,1,0,0,1,0,1,0,0,2,1,2,0,1,,1,1,0,1,-1,-1,1,,-1,1,-1,1,1,1,-2,0,,1,1,2,1,,1,1,1,0,0,1,2,-1,0,0,1,2,0,1,-1,1,1,0,1,0,1,1,0,0,0,1,-2,0,2,-2,1,-1,0,,0,2,0,0,1,2,,0,1,1,
8106,955,SFL,12,Biome,V4,BaseAssetVersion,ACTUAL,STANDARD,22900,0,0,0,0,2,1,2,1,0,1,1,2,2,0,1,1,-1,0,1,0,2,0,1,0,1,1,0,1,1,0,-1,1,2,1,0,0,1,1,2,0,1,1,1,1,0,1,2,2,1,,-1,1,0,1,1,1,2,0,1,2,1,0,1,,1,1,1,0,-1,1,2,-1,1,0,1,2,1,1,-1,1,1,0,1,1,1,1,0,0,0,1,2,-1,2,0,1,-1,1,,0,2,0,0,1,2,2,0,1,1,1
8094,977,SFL,12,Condorcet,V4,BaseAssetVersion,ACTUAL,HAUSSMANIEN,24975,0,0,0,0,1,1,2,,0,0,-1,1,1,-1,1,1,-1,0,1,0,2,0,1,0,1,2,0,1,1,0,-1,1,,1,0,0,1,1,2,0,1,,1,1,0,1,2,2,-1,,-1,1,-1,1,1,1,1,0,1,,1,-2,1,-1,1,1,1,0,-1,1,2,0,0,-1,1,1,0,1,-1,1,1,0,0,1,1,-1,-1,0,0,1,0,-1,1,-2,1,0,-2,,0,2,0,0,1,0,2,-1,1,1,0
8064,956,SFL,12,Hanovre,V4,BaseAssetVersion,ACTUAL,STANDARD,4607,0,0,0,-1,2,1,0,,0,0,-2,0,0,0,1,1,-1,0,1,0,2,,1,0,1,-1,0,-1,1,0,0,1,,2,0,0,2,,2,0,1,-1,1,1,0,1,0,2,-1,,-1,,2,0,1,1,2,0,1,2,1,-2,1,-1,1,1,1,0,-1,1,2,-2,0,-1,1,1,0,-1,-1,1,1,0,1,0,1,,-1,0,0,,-1,-1,2,1,1,,2,,0,2,0,0,1,2,,0,1,1,0
8074,974,SFL,12,Louvre Saint Honore,V3,BaseAssetVersion,ACTUAL,STANDARD,26163,0,0,0,0,2,1,2,1,0,1,-2,2,2,0,1,1,-1,0,1,0,2,0,1,0,1,0,0,1,1,0,0,-1,,1,0,0,1,1,2,0,1,-1,1,1,0,1,-1,0,-1,,1,1,0,1,1,1,-2,0,1,0,1,0,1,-1,1,1,,0,0,1,2,1,0,0,1,2,,1,1,1,1,0,1,0,1,1,-1,0,0,1,0,-1,0,-2,1,0,-2,,0,2,0,0,1,2,2,0,1,1,0
8086,975,SFL,12,Rive de Seine,V2,BaseAssetVersion,ACTUAL,TOUR_IGH,20270,0,0,0,-1,2,1,2,-1,0,0,-1,2,2,0,1,1,-1,0,1,0,2,2,1,,1,0,0,1,-1,0,0,1,,1,0,0,1,,2,0,1,-1,1,1,0,1,-1,-1,1,,-2,1,-1,1,1,1,-2,0,1,-2,2,-2,1,-1,1,1,1,0,0,1,2,2,1,0,1,-2,0,1,-1,1,1,0,1,1,1,1,-1,0,-1,1,,-1,1,-2,0,0,-1,,0,2,0,0,1,1,,0,1,1,0
8013,664,SFL,12,83 Marceau,V5,BaseAssetVersion,ACTUAL,STANDARD,9669,0,0,0,0,2,1,2,1,0,1,1,2,2,0,1,1,-1,0,1,0,2,2,1,0,1,2,0,1,1,0,0,1,1,1,0,0,1,1,2,0,1,,0,1,0,1,2,2,-1,,-1,1,1,1,1,1,2,0,1,2,2,0,1,-1,1,1,1,0,0,1,2,1,1,0,1,2,0,-1,-1,1,1,0,1,1,0,-1,0,0,0,1,2,-1,2,-1,1,-1,2,,0,2,0,0,1,2,,0,1,1,1
8009,638,SFL,12,Washingtonplaza,V2,BaseAssetVersion,ACTUAL,STANDARD,46966,0,0,0,0,2,1,2,1,0,1,-2,2,2,0,1,1,-2,0,1,0,2,2,1,0,1,0,0,1,1,0,0,1,-1,2,0,0,1,1,2,0,1,,1,1,0,1,-2,0,1,,-1,1,1,0,1,1,-2,0,1,0,2,-1,1,-1,1,1,1,0,0,1,2,-1,1,0,1,2,0,1,-1,1,1,0,1,1,0,1,0,0,0,1,-2,-1,2,-2,1,0,0,,0,2,0,0,1,2,1,0,1,1,1
8622,839,Covea,12,38 Kleber,V2,BaseAssetVersion,ACTUAL,STANDARD,16625,0,0,0,,,,2,,0,1,,2,2,0,1,1,,0,1,-1,,,1,0,,2,0,1,1,0,-1,,2,2,,0,1,,2,,,,0,1,0,1,2,2,1,,,,1,1,1,,2,0,,2,2,0,1,,1,1,,0,-1,-1,2,-2,,0,1,2,1,1,-1,1,1,0,0,0,0,,-1,0,0,,2,-1,2,-1,0,0,-1,,0,,0,0,1,2,,0,1,,
8627,823,Covea,12,Le Themis,V2,BaseAssetVersion,ACTUAL,STANDARD,10299,0,0,0,,2,,,,0,0,,2,2,0,1,1,-1,0,1,-1,,,1,0,,0,0,1,,0,-1,,1,1,,1,1,,0,0,,,0,0,0,1,2,2,,,0,,0,,1,,2,0,,2,2,0,1,,,1,,0,-1,1,2,-2,,0,1,2,1,-1,-1,1,,0,,,1,,0,0,0,,2,-1,1,-2,1,-1,2,,0,,0,0,1,0,,0,1,,
8657,810,Schneider Electric,12,Hive,V3,BaseAssetVersion,ACTUAL,STANDARD,35000,0,0,0,0,2,1,2,1,0,1,-2,2,2,0,1,1,-1,0,1,0,2,2,1,0,1,2,0,1,1,0,0,1,-1,2,0,1,1,-1,0,0,1,1,1,1,-2,1,-1,-1,1,,-1,1,1,1,0,1,-2,0,1,-1,2,-2,1,,1,1,1,1,0,1,2,0,1,0,1,-1,0,1,-1,1,1,0,1,1,2,1,0,0,0,1,-2,0,2,1,1,0,2,,0,1,0,0,1,0,2,0,1,1,0
8727,726,Poste Immo,12,111 Bd Brune,V2,BaseAssetVersion,ACTUAL,STANDARD,43650.24,0,0,0,-1,2,1,0,1,0,0,-2,2,2,0,1,1,1,0,1,0,,2,1,0,1,1,0,1,1,0,-1,1,-2,1,,0,0,1,2,0,0,,1,1,0,1,-2,1,-1,,1,,1,0,1,1,-2,0,0,2,1,-2,1,,1,1,1,1,0,1,2,-2,1,-1,1,-2,0,1,-1,-1,1,0,1,1,1,1,-1,0,0,,-2,0,1,-2,1,0,1,,0,2,0,0,1,0,2,0,1,-1,0
8631,715,DTZ,12,Equinox,V2,BaseAssetVersion,ACTUAL,STANDARD,24992,0,0,0,0,2,1,0,-1,0,0,-2,1,1,0,1,1,-1,0,1,0,1,0,1,0,-1,1,0,1,-1,0,0,-1,-1,1,0,0,1,-1,2,0,0,-1,0,0,0,1,1,0,-1,,0,-1,0,0,1,1,-2,0,0,0,2,-1,1,,1,1,-1,0,0,1,2,-1,0,0,1,2,0,1,-1,1,1,0,0,1,2,-1,0,0,0,1,0,-1,2,-2,0,0,0,,0,0,0,0,1,0,0,0,0,1,1
8663,714,DTZ,12,Mozaik,V2,BaseAssetVersion,ACTUAL,STANDARD,19000,0,0,0,0,2,1,2,1,0,1,-2,1,1,0,1,1,-1,0,1,0,1,1,1,0,-1,2,0,1,1,0,0,-1,-1,1,-2,1,1,1,2,0,0,,1,1,0,1,1,1,1,,-2,-1,1,1,1,1,0,0,1,1,2,-1,1,,1,1,1,0,0,1,2,0,2,0,1,2,1,1,-1,1,1,0,1,0,1,-1,0,0,0,1,0,0,2,-2,0,0,1,,-1,2,0,0,1,0,2,0,1,-1,0
8123,680,RQR,12,Chateaudun Simulation,V2,BaseAssetVersion,ACTUAL,,,0,0,0,-1,1,,1,,0,0,-1,0,1,-1,1,-1,-1,0,1,0,,,1,0,,1,0,1,,0,0,,0,1,0,0,1,,0,0,0,,0,1,0,1,-2,-2,,,0,,-1,,0,0,-2,0,0,-1,-1,0,1,,,-1,,0,0,,,0,,0,1,-1,0,1,1,,1,-1,0,0,0,,0,0,0,,-2,-1,1,1,1,-1,-1,,-1,1,0,0,,0,,0,1,,
7949,678,Allianz,12,40 Rhodanie,V2,BaseAssetVersion,ACTUAL,STANDARD,11611,0,0,0,0,2,-1,,1,0,0,,1,1,,1,1,,0,1,0,,1,1,0,,0,0,1,,0,0,,,1,0,0,1,1,1,,,,0,0,,1,0,0,,,0,1,1,,1,1,-1,0,1,0,1,,1,,-1,1,,0,0,1,2,-1,1,0,1,0,0,-1,-1,1,1,0,0,0,2,,-1,0,0,,-1,-1,2,-1,1,0,0,,0,,0,0,1,1,,0,,,1
8402,613,Allianz,12,Lindenstr67,V2,BaseAssetVersion,ACTUAL,STANDARD,39321,0,0,0,0,1,1,0,1,0,0,,1,1,0,0,-1,-1,0,0,0,0,0,1,0,-1,0,0,1,,0,-1,-1,1,1,0,0,0,,0,0,1,,0,1,,1,-1,-2,,,0,,0,,0,,2,0,,-2,0,,1,,,1,1,0,0,1,2,-2,,,1,-2,0,-1,-1,,,0,0,0,1,,-1,0,,,-2,-1,1,2,0,-1,-1,,0,2,0,0,1,0,,0,1,1,
8388,612,Allianz,12,Eberhardstrasse31,V2,BaseAssetVersion,ACTUAL,STANDARD,14958,0,0,-1,0,0,1,,,0,0,,,1,,1,1,-2,0,0,0,0,0,1,0,,2,0,1,,0,-1,,0,0,,0,-1,,0,0,1,,,1,-2,1,-2,-2,,,0,,0,,1,1,-1,0,,-2,2,,,,,1,,,,,2,-2,,-1,1,-2,0,1,-1,,,0,,,2,,-1,0,0,,-2,-1,1,-2,,0,-2,,0,,0,0,1,0,,0,1,-1,0
8381,611,Allianz,12,Atlas,V3,BaseAssetVersion,ACTUAL,TOUR_IGH,26205,-1,0,0,0,2,1,2,,0,0,,1,1,0,1,1,0,0,1,0,0,1,1,0,1,1,0,1,-1,0,0,,0,1,0,0,2,1,0,0,1,,0,1,0,1,2,2,-1,-1,0,-1,1,1,1,1,2,0,1,2,1,-1,1,-1,1,1,1,0,0,1,2,-2,2,0,1,2,1,1,-1,1,,0,0,1,1,1,-1,0,0,,2,-1,2,2,0,0,1,,0,2,0,0,1,1,1,0,1,1,0
8626,162,La Française,12,Carre Feydeau,V2,BaseAssetVersion,ACTUAL,STANDARD,2559,0,0,0,0,2,,0,,0,,,1,1,0,,,,0,0,0,,0,1,0,,-2,0,,,0,-1,,-1,0,,0,0,,2,0,0,,0,1,0,1,-2,-2,,,,,0,,1,0,,0,0,0,0,1,,,,1,,,,,2,-2,,-1,,1,0,,1,,,0,0,0,0,,0,0,0,,,0,1,1,,0,0,,0,0,0,-1,,2,,0,1,-1,0
8618,156,Nuveen,12,36 La Fayette,V4,BaseAssetVersion,ACTUAL,STANDARD,,0,0,0,0,2,1,0,1,0,1,0,1,1,0,1,1,-1,0,1,0,1,,1,0,1,2,0,1,1,0,0,1,1,1,0,0,1,1,2,0,0,,1,1,0,1,2,2,-1,,0,1,-1,1,1,1,2,0,1,2,2,2,1,,1,1,1,0,-1,1,2,-2,1,-1,1,2,1,-1,-1,1,1,0,0,1,1,1,0,0,0,1,2,-1,0,-2,1,,-1,,0,1,0,0,1,1,1,0,1,1,0
8441,145,Groupama,12,Diamant,V2,BaseAssetVersion,ACTUAL,STANDARD,12929,0,0,0,0,1,1,0,1,0,1,-2,1,1,0,1,1,-1,0,1,0,1,0,1,0,1,1,0,1,1,0,-1,1,-1,1,0,0,1,1,2,0,0,,1,0,0,1,0,0,1,,-1,1,1,1,1,1,-2,0,0,0,1,-2,1,-1,1,1,1,0,0,1,2,-2,1,-1,1,0,0,1,-1,1,1,0,0,1,1,1,0,0,0,-1,-1,-1,0,-2,0,-1,0,,0,2,0,0,1,0,2,0,1,1,1
8440,144,Groupama,12,89 Niel,V2,BaseAssetVersion,ACTUAL,HAUSSMANIEN,703,0,0,0,0,0,1,0,-1,0,0,-2,1,1,0,0,-1,0,0,1,0,0,,1,0,-1,-1,0,1,-1,0,-1,-1,,1,0,0,1,1,2,0,0,,0,1,0,1,0,-1,-1,,0,-1,-1,1,1,0,2,0,0,2,1,0,1,,1,1,-1,0,-1,1,2,-2,0,-1,1,2,0,-1,-1,-1,0,-1,0,0,2,,0,0,0,-1,-1,0,0,-1,0,,-2,,0,2,-1,0,1,0,0,0,1,-1,0
8098,142,Groupama,12,38Peletier,V2,BaseAssetVersion,ACTUAL,HAUSSMANIEN,2641,0,0,0,0,2,1,0,-1,0,0,-2,1,1,0,0,1,-1,0,0,0,,0,1,0,-1,2,0,1,-1,0,-1,-1,0,1,0,0,1,-1,2,0,0,,0,1,0,1,-2,-2,1,,-1,1,0,0,1,1,2,0,0,-2,1,2,1,,1,1,-1,0,0,-1,2,-2,1,-1,1,-2,0,-1,-1,1,1,0,0,1,2,,-1,0,0,-1,-2,-1,2,-1,0,0,-2,,0,2,0,0,1,0,0,0,1,1,1
8558,129,AEW,12,Seizame,V2,BaseAssetVersion,ACTUAL,STANDARD,12263,0,0,0,0,2,1,2,,0,1,0,1,1,,1,1,-1,-1,1,0,1,,1,0,,0,0,1,,0,0,,0,1,0,1,1,,1,0,1,,1,1,0,1,2,2,1,,,1,1,0,1,1,2,0,1,2,2,0,1,,,1,,1,0,,2,-2,2,-1,1,2,0,1,-1,1,0,0,1,0,1,1,-1,0,0,,,0,2,2,0,0,2,,0,2,0,0,1,1,2,0,1,1,1
8551,127,AEW,12,Le Focus,V3,BaseAssetVersion,ACTUAL,STANDARD,10123,0,0,0,0,2,1,0,,0,0,-2,1,1,-1,1,1,-1,0,1,0,0,0,1,0,,0,0,1,,0,0,,1,1,0,1,1,,1,0,1,,1,0,,1,1,0,,,-2,,1,,1,1,0,0,0,0,0,-1,1,,,1,,0,0,1,2,-2,0,0,1,2,0,-1,-1,1,,0,0,1,1,1,0,0,0,,,0,2,2,0,0,0,,0,2,0,0,1,1,2,-1,1,-1,0
8549,125,AEW,12,Bourse AMF,V2,BaseAssetVersion,ACTUAL,STANDARD,7073,-1,-1,-1,0,1,1,2,,0,0,-2,1,1,,1,1,-2,-1,1,0,1,1,1,0,,0,0,1,,0,0,,-1,1,,1,0,,2,0,1,,0,1,0,1,-1,-2,,,-2,,-1,0,1,1,-2,0,1,-2,1,-2,1,,,1,,0,0,1,2,-2,,-1,1,-2,1,-1,-1,,1,0,0,1,1,,-1,0,0,,,0,1,1,0,0,0,,0,2,0,0,,2,,0,1,1,1
8563,124,AEW,12,Tour W,V2,BaseAssetVersion,ACTUAL,TOUR_IGH,37793,0,0,0,0,2,,2,,0,0,-2,1,1,-1,0,1,-1,-1,1,0,0,0,1,0,,2,0,1,,0,0,,-2,1,,0,1,,1,0,1,,1,0,-1,1,-1,-2,,,,,2,,1,1,-2,0,0,-2,1,,1,,,1,,0,-1,,2,0,,0,1,2,0,1,-1,,1,0,0,1,2,,-1,0,0,,,0,0,-2,1,-1,2,,0,2,0,0,,1,,0,,,
8562,123,AEW,12,Tour Initiale,V2,BaseAssetVersion,ACTUAL,TOUR_IGH,33555.89,-1,-1,0,0,2,1,2,,0,1,1,1,1,0,1,1,-1,0,1,0,1,,1,0,,2,0,1,,0,0,,-2,1,-1,1,0,1,1,0,1,,1,0,0,-1,2,2,1,,,-1,1,1,1,0,2,0,1,2,1,-2,1,,,-1,,0,0,1,2,1,2,-1,1,2,0,1,1,-1,0,0,1,1,1,,-1,0,0,-1,2,-1,0,-2,0,0,0,,-1,2,0,0,1,0,,-1,1,-1,0
8111,122,AEW,12,Eurostade Est,V2,BaseAssetVersion,ACTUAL,STANDARD,13670,0,-1,-1,-1,2,1,2,,0,0,-2,0,0,0,0,1,-1,0,1,0,,,1,,,2,0,1,,0,0,,-2,1,,1,1,,1,0,1,,1,1,0,1,2,-1,,,,,1,,1,,-2,0,1,-1,1,,1,,,1,,0,0,,2,-2,0,-1,1,2,0,1,-1,,1,0,0,1,2,1,-2,0,0,,,-1,1,-2,0,0,-1,,0,2,0,0,1,0,,0,1,,
8512,120,AEW,12,Christophe Colomb 2,V2,BaseAssetVersion,ACTUAL,STANDARD,8738,0,0,0,0,2,,0,,0,0,,,1,0,0,1,-1,-1,1,0,,,1,0,,2,0,1,,0,0,,0,0,,0,0,,2,0,1,,1,1,0,1,-1,-2,,,1,,1,,1,,-2,0,,,1,,1,,,1,,0,0,,2,-2,,0,1,-2,0,1,-1,,1,0,0,1,1,,-2,0,0,,,,1,-2,0,-1,-1,,0,0,0,0,1,0,,,1,,0
7953,117,La Française,12,CT Finances,V2,BaseAssetVersion,ACTUAL,STANDARD,2646,0,0,0,0,2,,1,,0,,,0,1,0,,,,0,1,0,,0,1,0,,-1,0,,,0,0,,-1,1,,0,0,,2,0,0,,0,1,-1,,0,0,,,,,-1,,1,1,-2,0,1,-2,1,1,,,,,,,,,2,-2,,-1,,-2,0,,,,1,0,0,0,1,,-1,0,0,,-2,0,1,1,,0,1,,0,0,0,,,-1,,0,0,-1,0
8373,114,LIM,12,Axe Seine,V4,BaseAssetVersion,ACTUAL,STANDARD,6843,-1,0,-1,-1,2,,0,,-1,0,,0,0,0,0,-1,-2,0,1,-1,1,,-1,0,,0,0,-1,,0,0,,0,1,,0,0,,2,0,0,,1,1,,1,-1,2,,,-2,,1,,1,1,-2,,,2,0,1,1,,,1,,0,0,,,0,,-1,1,1,0,1,1,,1,-1,0,1,1,,0,0,0,,,0,1,1,0,0,,,0,0,0,0,,0,,0,0,,
8678,103,Orange,12,lillegranstade,V2,BaseAssetVersion,ACTUAL,STANDARD,18965,0,0,0,0,2,,0,,0,,,1,1,0,,,,0,0,0,,1,1,0,,0,0,,,0,-1,,1,1,,0,1,,2,0,0,,0,1,0,1,2,2,,,1,,1,1,1,1,2,0,1,2,1,-2,,,,1,,,,,2,-1,,-1,,2,,,1,,1,0,0,,2,,-1,0,0,,2,-1,1,1,,0,0,,0,1,0,0,,0,,0,1,,0
6110,101,La Française,12,R.com,V1,BaseAssetVersion,ACTUAL,STANDARD,9320,0,0,0,,1,,0,,0,,,1,1,0,,,,,1,0,,,1,0,,1,0,,,0,-1,,0,,,,,,0,0,1,,1,,0,,1,1,,,,,-1,,0,1,,0,1,1,,0,,,,,,,,,2,,,0,,,,,,,1,0,,0,1,,-1,0,0,,2,,,-2,,0,-1,,0,0,0,0,,,,0,1,,
8436,98,CDC,12,Terra-Viva,V2,BaseAssetVersion,ACTUAL,STANDARD,17264,-1,0,0,-1,2,,0,,0,0,-2,1,1,0,0,1,-1,,1,0,0,1,1,0,,1,0,1,,0,0,,1,1,0,0,1,,2,0,1,,1,1,-1,1,0,0,,,1,,-1,,1,0,0,0,0,0,2,0,-1,,,1,,0,0,,2,-2,,0,1,1,1,1,-1,,1,0,0,0,2,,-1,0,0,,0,,1,-1,1,-1,0,,0,0,0,0,1,0,,0,,1,1
8432,97,CDC,12,Terra-Nova2,V2,BaseAssetVersion,ACTUAL,STANDARD,32291,0,0,0,-1,1,,2,,0,1,-2,1,1,0,0,1,-1,0,1,0,0,0,1,0,,-1,0,1,,0,-1,,0,1,,1,1,,0,0,,,0,1,0,1,-1,-2,,,1,,-1,,1,,-2,0,1,-2,1,0,,,,1,,0,0,,2,-1,,0,1,-2,,1,-1,,1,0,0,0,1,,0,0,0,,-2,0,1,1,1,0,-1,,0,,0,0,1,0,,0,1,1,
8428,96,CDC,12,Rivoli,V2,BaseAssetVersion,ACTUAL,HAUSSMANIEN,5592,-1,-1,-1,0,1,,0,,0,0,-2,0,0,-1,1,1,1,,0,0,0,0,-1,-1,,-2,0,1,,-1,0,,-1,0,,0,1,,2,0,0,,0,1,-1,1,,,,,,,-2,1,1,,1,0,1,,-1,,1,,,1,,0,-1,,2,-2,,-1,1,2,0,-1,-1,,1,0,0,0,1,,0,0,-1,,1,,2,-2,0,-1,-2,,0,0,0,-1,1,2,,-1,1,-1,0
8427,94,CDC,12,GrandeArche,V2,BaseAssetVersion,ACTUAL,TOUR_IGH,14016,,0,0,-1,2,,2,,0,1,-2,,,0,0,1,-1,0,1,0,0,0,1,0,,1,-1,1,,-1,-1,,0,2,,0,2,,2,0,,,1,1,0,1,2,1,,,-1,,-2,1,1,1,2,0,,-2,2,0,1,,,1,,0,-1,,2,1,,-1,0,-2,,1,-1,,,-1,1,,1,,,0,-1,,,0,0,1,0,-1,0,,0,2,0,0,,2,,-1,0,1,
8744,93,CDC,12,Etik,V3,BaseAssetVersion,ACTUAL,STANDARD,9959,0,0,0,0,1,1,,,0,0,-2,1,1,0,0,-1,-1,0,1,0,0,0,1,0,,2,0,1,,0,0,,1,1,,1,1,,2,0,0,,1,1,0,1,0,0,,,0,,1,,1,1,-1,0,1,0,2,-1,-1,,,1,,0,0,,2,-2,,,1,1,1,1,-1,,1,0,0,1,1,,-1,0,,,-1,0,1,0,0,-1,-1,,0,,0,0,1,0,,0,1,1,1
8739,92,CDC,12,Courcelles,V3,BaseAssetVersion,ACTUAL,HAUSSMANIEN,9054,-1,-1,-1,,0,,0,,0,0,-2,0,0,0,1,-1,,0,0,0,0,,1,-1,,0,0,1,,0,,,-1,2,,0,1,1,2,0,1,,0,1,0,1,1,1,,,,,-2,,,0,-2,0,1,,0,,-1,,,1,,0,-1,,2,-2,,-1,0,2,0,-1,-1,,1,0,0,0,2,1,0,0,-1,,,-1,0,1,0,,-2,,0,0,-1,-1,1,0,,,0,-1,0
8725,91,CDC,12,Austerlitz,V3,BaseAssetVersion,ACTUAL,STANDARD,15007,0,0,0,0,2,1,2,,0,1,,1,1,0,0,1,-1,0,1,0,1,,1,0,,-1,0,1,,0,-1,,1,1,,0,1,,1,0,0,,1,1,0,1,2,1,,,1,,1,0,1,1,1,0,1,1,1,0,1,,,1,,0,-1,,2,-1,,0,1,2,1,1,1,,1,0,1,1,1,,-1,0,0,,1,-1,1,0,0,,0,,0,2,0,0,1,1,,0,1,1,1
8716,89,Atland,12,Montreuil,V3,BaseAssetVersion,ACTUAL,STANDARD,4055,0,0,0,-1,2,,0,,0,,,1,1,0,,,,0,1,0,,0,1,0,,0,0,,,0,0,,,1,,1,1,,,0,0,,0,0,0,1,2,2,,,0,,-1,,,1,2,0,1,2,1,1,,,,1,,,,,2,-2,,-1,,2,1,,1,,,0,0,0,2,,-1,0,0,,,0,1,1,,0,0,,0,1,0,0,,0,,0,1,,0
8395,88,Atland,12,Artois,V3,BaseAssetVersion,ACTUAL,HAUSSMANIEN,2205,0,0,0,-1,1,,,,0,,,,,0,,,,0,0,-1,,,1,0,,2,0,,,0,-1,,,1,,0,1,,2,0,0,,0,1,0,1,,,,,1,,-1,,1,,2,0,,,1,0,,,,1,,,,,2,-2,,-1,,2,,,1,,1,0,0,0,1,,-1,0,-1,,2,0,1,2,,-1,-1,,0,,,0,,0,,0,1,,
8743,87,La Française,12,Parc des Nations(ROISSY-EN-FRANCE),V2,BaseAssetVersion,ACTUAL,STANDARD,1265,0,-1,-1,,2,,0,,0,,,,,0,,,,0,0,0,,0,1,0,,0,0,,,0,0,,,2,,1,0,,0,0,0,,0,0,0,1,,,,,,,1,,0,,-2,0,,-2,0,1,,,,1,,,,,2,-2,,0,,-2,0,,1,,,0,0,0,2,,0,0,0,,,0,0,-1,,0,0,,0,0,,0,,0,,,1,-1,0
8593,82,La Française,12,41-43 rue Paul Bert(BOULOGNE-BILLANCOURT),V2,BaseAssetVersion,ACTUAL,STANDARD,1037,0,0,-1,-1,2,,0,,0,,,0,0,0,,,,0,1,0,,0,1,0,,0,0,,,0,0,,-1,0,,0,0,,2,0,0,,0,0,0,1,1,-2,,,-1,,1,,1,0,1,0,0,-2,-2,1,,,,1,,,,,2,-2,,-1,,2,0,,1,,1,0,0,1,1,,-1,0,0,,,0,1,0,,0,0,,0,0,0,0,,-1,,0,1,-1,0
8603,81,La Française,12,45 Place Abel Gance (Boulogne Billancourt),V2,BaseAssetVersion,ACTUAL,STANDARD,1877,0,0,-1,0,2,,0,,0,,,0,0,-1,,,,0,1,0,,0,1,0,,0,0,,,0,0,,,1,,0,1,,2,0,0,,0,1,0,1,-1,0,,,,,1,,1,0,-2,0,1,-2,1,1,,,,1,,,,,2,1,,0,,-2,0,,1,,0,-1,0,0,2,,-1,0,0,,-2,0,0,1,,-1,1,,0,0,0,0,,1,,0,0,-1,0
8710,78,La Française,12,Le Vermont(Nanterre),V2,BaseAssetVersion,ACTUAL,STANDARD,1914,0,0,0,0,2,,0,,-1,,,1,1,0,,,,0,1,0,,0,1,0,,0,0,,,0,0,,0,0,,1,2,,2,0,0,,1,1,0,1,1,1,,,-2,,-1,,1,0,-2,0,0,-1,1,1,,,,1,,,,,2,-1,,-1,,-1,0,,1,,1,0,0,0,2,,0,0,0,,-2,0,1,1,,-1,2,,0,1,0,0,,0,,0,1,-1,0
8611,77,La Française,12,Carillon (Nanterre),V2,BaseAssetVersion,ACTUAL,STANDARD,4488,0,0,-1,0,2,,1,,0,,,1,1,0,,,,0,1,0,,0,1,0,,-1,0,,,-1,0,,-2,2,,1,1,,2,0,0,,1,1,0,1,-2,-2,,,-1,,-1,,1,1,-2,0,0,-2,1,1,,,,1,,,,,2,2,,-1,,-2,0,,1,,1,0,0,0,2,,0,0,0,,,0,0,-1,,-1,1,,0,0,0,0,,0,,0,1,-1,0
8616,76,La Française,12,Carnot Plaza (MASSY),V2,BaseAssetVersion,ACTUAL,STANDARD,1524,0,0,0,-1,2,,0,,0,,,1,0,0,,,,0,1,0,,0,1,0,,0,0,,,0,0,,-1,0,,1,0,,2,0,0,,0,0,0,1,0,0,,,,,0,,1,0,,0,1,0,-1,1,,,,1,,,,,2,-1,,-1,,1,0,,1,,1,0,0,1,2,,-1,0,0,,,0,0,1,,0,2,,0,0,0,0,,-1,,0,1,-1,0
8658,75,La Française,12,Le Campus Zone Nord (Massy),V2,BaseAssetVersion,ACTUAL,STANDARD,2719,0,0,0,0,2,,0,,0,,,1,1,0,,,,0,1,0,,0,1,0,,0,0,,,0,0,,-2,1,,0,0,,1,0,0,,0,1,0,1,-1,-1,,,,,2,0,1,1,-2,0,1,-1,1,1,,,,1,,,,,2,1,,-1,,-1,0,,1,,,0,0,1,2,,-1,0,0,,-2,0,0,1,,-1,0,,0,0,0,0,,0,,0,0,-1,0
8731,74,La Française,12,Nai?ade - Parc Ariane-3(GUYANCOURT ),V2,BaseAssetVersion,ACTUAL,STANDARD,804,0,-1,-1,,2,,0,,0,,,0,0,0,,,,0,0,0,,0,1,0,,0,0,,,0,0,,,1,,1,0,,2,0,0,,0,0,-2,1,-1,,,,-1,,-1,,1,,-2,0,0,,0,1,,,,1,,,,,2,-2,,0,,-2,0,,1,,,0,0,0,2,,-1,0,0,,,0,0,2,,0,2,,0,0,0,0,,0,,,1,-1,0
8758,73,La Française,12,Thalassa - Parc Ariane-3(GUYANCOURT ),V2,BaseAssetVersion,ACTUAL,STANDARD,855,0,-1,-1,,2,,0,,0,,,0,0,0,,,,0,0,0,,0,1,0,,0,0,,,0,0,,,1,,1,0,,0,0,0,,0,0,-2,1,-1,,,,-1,,-1,,0,,-2,0,0,,0,1,,,,1,,,,,2,-2,,0,,-2,0,,1,,,0,0,0,2,,-1,0,0,,,0,0,2,,0,2,,0,0,0,0,,0,,,1,-1,0
8693,72,La Française,12,Le Proxima 1 (GUYANCOURT),V2,BaseAssetVersion,ACTUAL,STANDARD,3044,0,0,0,-1,2,,0,,0,,,1,1,0,,,,0,1,0,,0,1,0,,0,0,,,0,0,,-1,1,,1,1,,0,0,0,,0,0,0,1,-1,,,,,,1,,0,1,-2,0,1,-1,1,1,,,,1,,,,,2,-2,,-1,,-2,0,,1,,,0,0,0,1,,0,0,0,,,0,0,-1,,0,0,,0,0,0,0,,0,,0,1,-1,0
8726,71,La Française,12,Les Miroirs(Guyancourt),V2,BaseAssetVersion,ACTUAL,STANDARD,5046,0,0,0,0,2,,0,,0,,,0,0,0,,,,0,1,0,,0,1,0,,0,0,,,0,0,,-2,1,,0,1,,,0,0,,0,1,0,1,0,-1,,,,,2,,0,1,-2,0,0,-1,1,1,,,,1,,,,,2,0,,-1,,0,0,,1,,0,0,0,0,2,,0,0,0,,-1,0,0,1,,0,1,,0,0,0,0,,1,,0,1,-1,0
8588,69,La Française,12,3-3 bis rue Taylor (PARIS),V2,BaseAssetVersion,ACTUAL,STANDARD,1091,0,0,0,-1,1,,0,,0,,,0,0,0,,,,0,1,0,,0,1,0,,0,0,,,0,0,,-1,0,,0,1,,2,0,0,,0,0,0,1,1,0,,,-1,,1,,1,1,-2,0,1,-2,-1,1,,,,1,,,,,2,-2,,-1,,-2,0,,1,,,0,0,1,1,,-1,0,0,,0,0,0,2,,0,-1,,0,,-1,0,,0,,0,0,1,0
6206,66,La Française,12,Europarc des Perches Bat B3 B4 (SAINT-PRIEST),V1,BaseAssetVersion,ACTUAL,STANDARD,1874,0,-1,0,-1,2,,0,,0,,,0,0,0,,,,0,0,0,,0,1,0,,0,0,,,0,,,-2,1,,0,0,,0,0,0,,0,0,0,1,-1,-1,,,,,1,,0,0,-2,0,0,-1,1,1,,,,1,,,,,2,-2,,-1,,-1,0,,1,,1,0,0,0,0,,-1,0,0,,,0,0,0,,,-1,,0,0,0,0,,1,,0,1,-1,0
8635,65,La Française,12,Equinox (LYON),V2,BaseAssetVersion,ACTUAL,STANDARD,2552,,,,0,2,,,,,,,1,1,0,,,,0,1,0,,0,,0,,,0,,,,0,,1,1,,0,2,,2,,,,0,1,0,1,1,1,,,0,,1,,1,0,1,,1,1,1,0,,,,1,,,,,,2,,-1,,2,0,,1,,1,,0,,,,-2,0,0,,,0,0,,,-1,,,0,,0,0,,1,,,1,-1,0
6214,64,La Française,12,Le Green (Lyon),V1,BaseAssetVersion,ACTUAL,STANDARD,2858,0,0,0,0,2,,0,,0,,,1,1,0,,,,0,1,0,,0,1,0,,0,0,,,0,0,,0,0,,0,0,,2,0,0,,0,1,0,1,1,1,,,-1,,0,0,1,0,0,0,0,1,1,-2,,,,1,,,,,2,-2,,-1,,2,0,,1,,1,0,0,0,2,,0,0,0,,0,0,0,1,,-1,0,,0,1,0,0,,0,,0,1,-1,0
8604,63,La Française,12,Atrium Par Dieu (Lyon),V2,BaseAssetVersion,ACTUAL,STANDARD,4203,0,0,0,0,2,,0,,0,,,1,1,0,,,,0,1,0,,0,1,-1,,0,0,,,0,-1,,-1,0,,0,-1,,2,0,0,,0,1,0,1,-1,-1,,,0,,-2,,1,1,-2,0,0,-1,1,-2,,,,1,,,,,2,-1,,-1,,-1,0,,1,,1,0,0,1,1,,-1,0,0,,-2,0,0,0,,-1,-1,,0,0,0,0,,-1,,0,0,-1,0
8752,62,La Française,12,SXB1(SCHILTIGHEIM),V2,BaseAssetVersion,ACTUAL,STANDARD,4321,0,0,0,-1,1,,0,,0,,,0,0,0,,,,0,1,0,,0,1,0,,0,0,,,0,0,,-1,2,,1,1,,,0,0,,0,1,0,1,-1,-2,,,,,0,,1,0,,0,0,-2,2,1,,,,1,,,,,2,1,,-1,,-2,0,,1,,1,0,0,1,0,,0,0,0,,,0,1,1,,0,1,,0,0,0,0,,1,,0,1,-1,0
8664,59,La Française,12,Le Fresnel (SAINT-HERBLAIN),V2,BaseAssetVersion,ACTUAL,STANDARD,4585,0,0,0,-1,2,,0,,0,,,1,1,0,,,,0,1,0,,0,1,0,,0,0,,,0,0,,-1,1,,0,1,,2,0,0,,0,0,0,1,0,-1,,,,,1,,1,1,0,0,1,1,2,1,,,,1,,,,,2,-1,,-1,,2,0,,1,,1,0,0,0,2,,0,0,0,,,0,1,-1,,0,1,,0,0,0,0,,1,,0,1,-1,0
8579,58,La Française,12,22 Rue de l'Europe Bati 6C (La Chapelle-sur-Erdre),V2,BaseAssetVersion,ACTUAL,STANDARD,776,0,0,0,-1,2,,,,,,,1,1,-1,,,,0,1,0,,0,,0,,0,0,,,,0,,0,1,,1,0,,0,,,,0,0,0,1,-2,-1,,,-1,,1,,0,1,-1,,1,0,-2,1,,,,1,,,,,,1,,0,,0,0,,1,,1,,0,,1,,0,0,0,,,0,0,0,,0,1,,0,,0,0,,1,,,1,-1,0
8584,57,La Française,12,24 Rue de l'Europe Bati 7B (La Chapelle-sur-Erdre),V2,BaseAssetVersion,ACTUAL,STANDARD,776,0,0,0,-1,2,,0,,0,,,1,1,-1,,,,0,1,0,,0,1,0,,0,-1,,,0,0,,0,1,,1,0,,2,0,0,,0,0,0,1,-1,-1,,,-1,,1,,1,1,-1,0,1,0,-2,1,,,,1,,,,,2,1,,-1,,0,0,,1,,1,0,0,1,1,,0,0,0,,,0,0,0,,0,1,,0,0,0,0,,1,,0,1,-1,0
8724,56,La Française,12,Les Centuries II(MONTPELLIER),V2,BaseAssetVersion,ACTUAL,STANDARD,2053,0,0,0,-1,2,,0,,0,,,1,1,-1,,,,0,1,0,,0,1,0,,0,0,,,0,0,,0,1,,1,1,,2,0,0,,0,0,0,1,2,2,,,,,1,,1,1,2,0,1,2,1,1,,,,1,,,,,2,-2,,-1,,2,0,,1,,1,0,0,0,1,,-1,0,0,,,0,0,-1,,0,2,,0,0,0,0,,0,,0,1,-1,0
8682,54,La Française,12,Le Prelude(Bordeaux),V2,BaseAssetVersion,ACTUAL,STANDARD,8485,0,0,0,0,2,,1,,0,,,1,1,0,,,,0,1,0,,1,1,-1,,0,0,,,0,0,,0,1,,0,0,,0,0,0,,0,1,0,1,1,1,,,0,,-1,0,0,1,0,0,0,1,0,1,,,,1,,,,,2,-2,,-1,,2,1,,1,,1,0,0,1,1,,0,0,0,,0,0,1,2,,0,-1,,0,1,0,0,,-1,,0,1,-1,0
8738,53,La Française,12,Parc Activites St Martin(TOULOUSE),V2,BaseAssetVersion,ACTUAL,STANDARD,2347,0,0,0,-1,2,,0,,0,,,1,1,0,,,,0,1,0,,0,1,0,,0,0,,,0,0,,-1,2,,0,1,,2,0,0,,0,0,0,1,-1,1,,,,,0,,1,1,0,0,1,1,1,-2,,,,1,,,,,2,0,,-1,,2,0,,1,,,0,0,1,2,,0,0,0,,,0,1,0,,0,0,,0,0,0,0,,0,,0,1,-1,0
8610,52,La Française,12,Bat B (Toulouse),V2,BaseAssetVersion,ACTUAL,STANDARD,4850,0,0,0,-1,2,,0,,0,,,0,0,0,,,,0,1,0,,0,1,0,,0,0,,,0,0,,-1,1,,0,2,,2,0,0,,0,1,-2,1,-2,-2,,,,,1,,1,1,-2,0,1,-2,2,1,,,,1,,,,,2,-2,,-1,,-2,0,,1,,0,-1,0,0,1,,0,0,0,,-2,0,0,1,,0,0,,0,0,0,0,,2,,0,1,-1,0
6257,51,La Française,12,Dr Maurice Grynfogel (Toulouse),V1,BaseAssetVersion,ACTUAL,STANDARD,6346,0,0,0,-1,1,,0,,0,,,1,1,0,,,,0,1,0,,0,1,0,,0,0,,,0,-1,,-2,1,,0,1,,0,0,0,,0,0,0,1,-1,-1,,,,,0,0,1,1,-2,0,1,-1,1,1,,,,1,,,,,2,1,,-1,,-2,0,,1,,0,0,0,0,2,,-1,0,0,,-2,0,0,1,,0,-1,,0,1,0,0,,1,,0,1,-1,0
8454,50,La Française,12,16 rue Gabriel Peri (Toulouse),V2,BaseAssetVersion,ACTUAL,STANDARD,6892,-1,0,0,0,2,,0,,0,,,1,1,0,,,,0,1,-1,,0,1,0,,0,0,,,0,0,,-1,1,,0,1,,1,0,0,,0,1,-1,1,-1,-2,,,,,0,,1,1,,0,0,-2,0,1,,,,1,,,,,2,-1,,-1,,-2,0,,1,,1,0,0,0,2,,0,0,0,,,0,1,1,,0,1,,0,1,0,0,,0,,0,1,-1,0
8674,49,La Française,12,Le Gambetta (AIX-EN-PROVENCE),V2,BaseAssetVersion,ACTUAL,STANDARD,2021,0,0,0,-1,2,,0,,0,,,,,0,,,,0,1,0,,0,1,0,,0,0,,,0,0,,,0,,0,0,,2,0,0,,0,1,0,1,2,1,,,,,0,,1,0,1,0,,1,0,1,,,,1,,,,,2,-2,,-1,,2,0,,1,,1,0,0,0,2,,0,0,0,,,0,1,1,,0,0,,0,0,0,0,,-1,,0,1,-1,0
8642,48,La Française,12,Europarc Pichaury Bat A1  (AIX-EN-PROVENCE),V2,BaseAssetVersion,ACTUAL,STANDARD,931,0,0,0,-1,2,,0,,0,,,1,1,0,,,,0,1,0,,0,1,0,,0,0,,,0,0,,-1,1,,0,0,,0,0,0,,0,0,0,1,-1,-2,,,-1,,1,,0,0,-2,0,0,-2,-1,1,,,,1,,,,,2,-2,,-1,,-2,0,,1,,1,0,0,0,2,,-1,0,0,,,0,0,0,,0,0,,0,0,0,0,,1,,0,1,-1,0
8653,47,La Française,12,Europarc Pichaury Bat C1  (AIX-EN-PROVENCE),V2,BaseAssetVersion,ACTUAL,STANDARD,938,0,0,0,-1,2,,0,,0,,,0,0,0,,,,0,1,0,,0,1,0,,0,0,,,0,0,,,1,,0,0,,0,0,0,,0,0,0,1,-1,-2,,,-1,,1,,0,0,-2,0,0,-2,-1,1,,,,1,,,,,2,0,,-1,,-2,0,,1,,1,0,0,0,1,,-1,0,0,,,0,0,0,,0,0,,0,0,0,0,,1,,0,1,-1,0
8646,46,La Française,12,Europarc Pichaury Bat A3  (AIX-EN-PROVENCE),V2,BaseAssetVersion,ACTUAL,STANDARD,1603,0,0,0,-1,2,,0,,0,,,1,1,-2,,,,0,1,0,,0,1,0,,0,0,,,0,0,,-1,2,,0,1,,0,0,0,,0,0,-2,1,0,0,,,-1,,1,,0,0,-2,0,0,-2,1,1,,,,1,,,,,2,-2,,-1,,-2,0,,1,,1,0,0,0,1,,-1,0,0,,,0,0,0,,0,0,,0,0,0,0,,1,,0,1,-1,0
8450,45,La Française,12,1330 rue Gautier de la Lauzie?re (AIX-EN-PROVENCE),V2,BaseAssetVersion,ACTUAL,STANDARD,1618,0,0,0,-1,2,,0,,0,,,,1,-1,,,,0,0,0,,0,1,0,,0,0,,,0,0,,-1,2,,0,0,,2,,0,,0,0,0,1,1,1,,,,,0,,1,1,-2,0,,-2,0,1,,,,1,,,,,2,-2,,0,,-2,0,,1,,,0,0,0,2,,0,0,0,,,0,0,-1,,0,-1,,0,0,0,0,,0,,-1,1,-1,0
8715,40,SFL,12,In Out,V2,BaseAssetVersion,ACTUAL,STANDARD,34843,0,0,0,,2,,1,,0,1,,1,1,0,,1,0,,1,0,,,1,0,,2,0,1,,,0,,-1,2,0,0,2,,-1,,,,1,1,0,-1,2,2,,,,,2,,1,1,1,,1,2,2,,1,,,-1,,0,0,,,2,,0,1,2,0,1,-1,,1,,1,,2,,-1,0,0,,1,,2,-2,1,-1,2,,,,0,0,,2,,,1,,
6321,3,RQR,12,ZERO,V1,BaseAssetVersion,ACTUAL,,,0,0,0,0,0,1,0,1,0,0,0,0,0,0,0,1,0,0,0,0,0,0,1,0,1,0,0,1,1,0,0,1,0,0,0,0,0,1,0,0,0,1,0,0,0,1,0,0,1,1,0,1,0,0,0,0,0,0,0,0,0,0,1,1,1,1,1,0,0,1,0,0,0,0,0,0,0,1,1,1,0,0,0,0,0,1,0,0,0,1,0,0,0,0,0,0,0,1,0,0,0,0,0,0,0,0,0,1,0
6324,2,RQR,12,FLOP,V1,BaseAssetVersion,ACTUAL,,,-1,-1,-1,-1,0,-1,0,-1,-2,0,-2,0,0,-2,0,-1,-2,-1,0,-1,0,0,-1,-1,-1,-2,-1,-1,-1,-1,-1,-1,-2,0,-2,0,-2,-1,-2,-1,0,-1,0,0,-2,-1,-2,-2,-1,-1,-2,-1,-2,0,0,0,-2,-2,0,-2,-2,-2,-1,-1,-1,-1,-1,0,-1,-1,-2,-2,0,-1,0,-2,0,-1,-1,-1,0,-1,0,0,0,-1,-2,-1,-1,-1,-2,-1,0,-2,0,-2,-2,-1,-1,0,-1,-1,0,-2,0,-1,0,-1,0
7766,1,RQR,12,TOP Office,V2,BaseAssetVersion,ACTUAL,STANDARD,,0,0,0,0,2,1,2,1,0,1,2,2,2,0,1,1,2,0,1,0,2,2,1,0,1,2,0,1,1,0,0,1,2,2,0,1,2,1,2,0,1,1,1,1,0,1,2,2,1,1,2,1,2,1,1,1,2,0,1,2,2,2,1,1,1,1,1,1,0,1,2,2,2,0,1,2,1,1,1,1,1,0,1,1,2,1,0,0,0,1,2,0,2,2,1,0,2,1,0,2,0,0,1,2,2,0,1,1,1
8605,128,AEW,12,Le Palatis,V3,BaseAssetVersion,ACTUAL,STANDARD,9854.9,0,0,0,0,2,1,2,,0,0,,1,1,,1,1,-1,-1,1,0,0,0,1,0,,2,0,1,,0,0,,1,1,,0,1,,0,0,1,,1,1,,1,0,0,-1,,0,,1,1,0,1,0,0,0,0,2,-1,1,,,1,,0,0,1,2,-2,0,0,1,1,,1,-1,,1,0,0,0,2,1,-1,0,0,,0,0,2,2,0,-1,-1,,0,2,0,0,1,0,,0,1,,
6592,133,Allianz,12,Skypertour,V1,BaseAssetVersion,ACTUAL,TOUR_IGH,41000,0,0,0,0,2,1,2,-1,0,1,-2,1,1,0,1,1,0,0,1,0,1,1,1,0,-1,2,0,1,1,0,0,-1,-1,1,-1,1,1,-1,2,0,1,1,1,1,0,1,-1,-1,1,,-2,1,1,0,0,1,-2,0,1,-1,2,0,1,,1,1,-1,0,-1,1,2,-2,2,0,1,-2,1,-1,-1,1,0,0,0,1,1,1,-1,0,0,1,-2,-1,0,1,1,,2,,0,2,0,0,1,2,2,0,1,1,1
6596,134,Allianz,12,Skypervilla,V1,BaseAssetVersion,ACTUAL,STANDARD,6200,0,0,-1,0,2,1,0,-1,0,1,-2,1,1,0,1,1,0,-1,1,0,1,,1,0,-1,-1,0,1,-1,0,0,-1,-1,1,-1,0,2,-1,2,0,1,-1,1,1,0,1,-2,-2,1,,-2,1,-1,0,0,1,-2,0,1,,1,0,1,,1,1,-1,0,-1,1,2,-2,1,-1,1,-2,1,-1,-1,-1,1,0,0,1,1,-1,0,0,0,-1,-2,0,1,1,1,,-2,,0,0,0,-1,1,0,0,0,1,-1,1
6612,68,La Française,12,106 Boétie,V1,BaseAssetVersion,ACTUAL,STANDARD,5145,0,0,-1,0,2,,0,,0,,,0,0,0,,,,0,1,0,,0,1,0,,0,0,,,0,0,,-2,0,,0,0,,1,0,0,,0,0,0,1,-1,0,,,,,-1,,1,1,0,0,0,-1,1,0,,,,1,,,,,2,-2,,0,,-1,0,,1,,1,0,0,1,2,,0,0,0,,-2,0,1,2,,0,-1,,0,0,0,0,,0,,,1,-1,0
6617,79,La Française,12,Ileo (Boulogne Billancourt),V1,BaseAssetVersion,ACTUAL,STANDARD,6420,0,0,0,0,2,,1,,0,,,1,1,0,,,,0,1,0,,0,1,0,,0,0,,,0,0,,0,1,,1,2,,2,0,1,,1,0,0,1,0,0,,,-1,,0,,,1,0,0,0,0,2,1,,,,1,,,,,2,-2,,0,,1,0,,1,,1,-1,0,1,1,,-1,0,0,,-1,0,2,-2,,0,1,,0,1,0,0,,2,,0,1,-1,0
6621,61,La Française,12,Le chargement (VILLENEUVE D'ASCQ),V1,BaseAssetVersion,ACTUAL,STANDARD,1524,0,-1,-1,,2,,0,,0,,,0,0,0,,,,0,0,0,,0,1,-1,,0,0,,,0,0,,-1,1,,0,0,,0,0,0,,0,0,-2,1,-1,-2,,,,,-2,,1,1,-2,0,1,-2,0,-2,,,,1,,,,,2,0,,0,,-2,0,,1,,,0,0,1,1,,-1,0,0,,,0,0,1,,0,-1,,0,0,0,0,,1,,0,1,-1,0
6662,60,La Française,12,Le Corbusier (LILLE),V1,BaseAssetVersion,ACTUAL,STANDARD,3227,0,0,0,-1,2,,0,,0,,,1,1,0,,,,0,1,0,,0,1,0,,0,-1,,,0,0,,-1,2,,0,1,,1,0,0,,1,0,0,1,,,,,,,1,,1,1,-2,0,1,-2,-1,0,,,,1,,,,,2,-2,,-1,,-2,0,,1,,,-1,0,1,2,,0,0,0,,,0,1,1,,0,-1,,0,0,-1,0,,0,,0,1,-1,0
6666,55,La Française,12,Le galilee BAT A et B (MERIGNAC),V1,BaseAssetVersion,ACTUAL,STANDARD,4896,0,0,0,-1,2,,0,,0,,,1,1,0,,,,0,1,0,,0,1,0,,0,0,,,0,0,,-1,2,,0,1,,0,0,0,,0,1,-1,1,-1,-1,,,,,0,,0,1,-2,0,1,,1,-2,,,,1,,,,,2,-2,,-1,,-2,0,,1,,,0,0,0,2,,0,0,0,,,0,1,2,,0,0,,0,0,0,0,,1,,-1,1,-1,0
6670,80,La Française,12,Le Quintet (Boulogne Billancourt),V1,BaseAssetVersion,ACTUAL,STANDARD,4021,0,0,-1,-1,2,,0,,-1,,,0,0,0,,,,0,1,0,,0,1,0,,-1,0,,,0,0,,-1,1,,0,0,,0,0,0,,0,0,0,1,0,-2,,,,,-1,,1,0,,0,0,-2,0,1,,,,1,,,,,2,-2,,-1,,-2,0,,1,,,0,0,0,0,,-1,0,0,,,0,1,-1,,-1,-1,,0,1,0,0,,0,,0,1,-1,0
6674,102,Orange,12,campusblagnac,V1,BaseAssetVersion,ACTUAL,STANDARD,28651,0,0,-1,-1,2,,1,,0,,,1,1,0,,,,-1,1,0,,0,1,0,,0,0,,,-1,-1,,-2,1,,0,0,,2,0,0,,1,1,-1,1,0,0,,,-2,,-1,1,1,0,-2,0,0,-1,1,-2,,,,-1,,,,,2,2,,-1,,2,0,,1,,1,0,0,1,1,,-2,0,-1,,0,-1,1,-1,,0,-2,,0,0,0,0,,0,,-1,1,1,0
6678,104,Orange,12,orangegarden,V1,BaseAssetVersion,ACTUAL,STANDARD,70840,0,0,0,0,2,,1,,0,,,1,1,-1,,,,-1,1,0,,1,1,0,,1,0,,,0,0,,0,1,,1,1,,2,0,1,,0,1,-2,1,2,1,,,0,,-1,1,1,1,1,0,1,1,1,1,,,,1,,,,,2,-1,,0,,2,0,,1,,0,0,0,1,1,,-1,0,0,,1,-1,1,-1,,0,0,,0,0,0,0,,0,,0,1,1,0
8704,137,Bouygues,12,Nest,V3,BaseAssetVersion,ACTUAL,STANDARD,12487,0,0,-1,0,2,1,0,,-1,0,-2,1,1,-2,0,-1,-1,0,1,0,0,0,1,0,,1,0,1,-1,0,0,,,1,,0,0,-1,-2,0,0,,1,0,-2,1,-2,-2,-1,,-1,-1,1,0,0,0,-2,0,0,-2,0,-2,-1,-1,-1,1,1,0,0,,2,-2,0,-1,1,-2,0,-1,-1,-1,1,0,0,1,1,,-1,0,0,-1,,0,0,1,0,-1,2,,0,2,0,0,1,1,0,0,1,-1,0
8191,969,Allianz,12,Front de Seine,V3,BaseAssetVersion,ACTUAL,STANDARD,21517,0,0,-1,0,2,1,2,,-1,1,1,1,2,-1,1,1,-1,0,1,0,0,0,1,0,1,1,0,1,-1,0,-1,,-2,1,0,0,0,1,2,0,0,1,1,1,-2,1,0,0,-1,,-1,-1,1,0,1,1,-2,0,1,0,1,-2,1,,1,1,,0,0,1,2,-2,0,0,1,-2,0,1,-1,1,1,0,0,0,1,,-1,0,0,,-2,-1,2,-2,0,-1,-1,,0,2,0,0,1,0,0,0,1,,1
7322,121,AEW,12,Eurocrystal,V3,BaseAssetVersion,ACTUAL,STANDARD,20216.92,0,0,0,-1,2,1,2,1,0,1,-2,2,2,-1,1,1,-1,0,1,-1,0,0,1,0,1,-1,0,1,1,0,0,1,-2,1,0,1,0,1,0,0,0,-1,1,1,-1,1,-1,-1,1,,0,1,1,0,0,1,-2,0,0,-1,2,0,1,-1,1,1,-1,0,0,1,2,-1,1,0,1,-2,0,1,-1,1,1,0,0,1,1,1,-1,0,0,1,-2,0,2,-2,1,-1,1,,0,0,0,0,1,0,0,0,1,1,0
25001,850,AEW,12,100 av de France,V7,BaseAssetVersion,ACTUAL,STANDARD,12226,0,0,0,-1,2,1,0,-1,0,1,-2,2,2,0,1,1,0,-1,1,0,0,0,1,0,1,0,0,1,-1,0,-1,-1,2,1,-2,1,2,1,2,0,0,-1,1,0,0,1,-1,-2,-1,,0,-1,1,1,1,1,-2,0,0,1,1,-2,1,-1,-1,1,-1,0,0,1,2,0,1,0,1,2,0,1,-1,1,1,0,0,1,0,1,-1,0,0,-1,0,-1,2,-2,0,-1,2,,0,2,0,0,1,0,0,0,1,1,0
8341,733,Invesco,12,Winchester House,V2,BaseAssetVersion,ACTUAL,STANDARD,49203,0,0,0,,2,1,2,,,0,,2,2,0,1,1,0,0,1,-1,,,1,0,,-2,0,1,,0,0,,0,0,0,0,1,,0,0,1,,1,0,0,1,,-2,-1,,,,1,,,0,,,0,-2,2,,,,1,1,,0,-1,1,2,-2,0,0,1,,,-1,1,-1,1,0,,0,0,1,-1,0,0,1,-2,0,1,-2,0,0,2,,0,2,0,0,1,0,,0,1,,
8541,13,SwissLife,12,Levallois,V2,BaseAssetVersion,ACTUAL,STANDARD,6088,0,0,0,0,1,1,2,-1,0,0,-2,1,1,0,1,-1,-1,0,1,0,0,,1,0,,0,0,1,-1,0,0,1,0,1,0,0,0,,2,0,0,,1,0,-1,1,-2,,,1,,1,1,,1,1,-2,0,0,,1,,-1,1,,1,,0,0,1,2,-2,0,0,1,-2,0,1,-1,1,,-1,0,,2,,-1,0,0,,-2,-1,1,0,0,0,-1,,0,,0,0,,0,,0,1,,1
8164,95,CDC,12,Innovatis2,V1,BaseAssetVersion,ACTUAL,STANDARD,19443,0,0,0,0,2,,2,,0,1,-2,1,1,0,0,1,-1,0,1,0,0,2,1,0,,-1,0,1,,0,,,-1,1,,1,1,,1,0,,,1,1,0,1,-1,-2,,,0,,-1,1,1,1,-2,0,0,,1,0,1,,,1,,0,0,,2,-1,,0,1,1,,1,-1,,1,0,0,0,2,,0,0,0,,0,0,2,0,0,-1,-1,,0,2,0,0,1,0,,0,1,1,
25005,851,VINCI Facilities,12,100 av de France-VINCI Facilities,V7,BaseAssetVersion,ACTUAL,STANDARD,12226,0,0,0,-1,2,1,0,-1,0,1,-2,2,2,0,1,1,0,-1,1,0,0,0,1,0,1,0,0,1,-1,0,-1,-1,2,1,-2,1,2,1,2,0,0,-1,1,0,0,1,-1,-2,-1,,0,-1,1,1,1,1,-2,0,0,1,1,-2,1,-1,-1,1,-1,0,0,1,2,0,1,0,1,2,0,1,-1,1,1,0,0,1,0,1,-1,0,0,-1,0,-1,2,-2,0,-1,2,,0,2,0,0,1,0,0,0,1,1,0
8118,126,AEW,12,kupka C,V1,BaseAssetVersion,ACTUAL,TOUR_IGH,12462,0,0,0,0,2,,2,,0,0,,2,2,0,1,1,-1,0,1,0,,,1,0,,0,0,1,,0,0,,0,1,,1,1,,1,0,1,,1,1,-2,1,-2,-2,,,-2,,2,0,1,1,-2,0,1,-2,0,0,1,,,1,,0,0,,2,0,,-1,1,2,0,1,-1,,0,0,0,1,2,,-1,0,0,,,-1,1,2,0,-1,2,,0,2,0,0,,1,,0,1,-1,1
8854,119,AEW,12,CB3,V4,BaseAssetVersion,ACTUAL,TOUR_IGH,45504,0,0,0,0,2,1,2,-1,-1,1,-2,2,2,0,1,1,-2,0,1,0,0,0,1,0,-1,1,0,1,-1,0,0,-1,-1,0,-2,1,1,-1,1,0,1,,1,1,0,1,-2,-2,-1,,1,-1,0,0,1,1,-2,0,0,-2,1,1,1,,-1,1,-1,0,-1,1,2,1,0,-1,1,-2,0,1,-1,-1,1,0,1,1,2,-1,-1,0,0,-1,-2,-1,0,1,1,-1,2,,0,2,0,0,1,0,0,0,1,1,0
8171,765,Allianz,12,Eiffel square,V1,BaseAssetVersion,ACTUAL,STANDARD,38120,0,0,0,0,1,1,2,,0,0,,,,0,1,1,-1,0,1,0,2,2,1,0,,0,0,1,,0,0,,0,1,,1,0,,0,0,1,,1,0,,1,-1,-1,,,,,0,,,,-2,,,-1,1,,,,,1,,0,0,1,2,-2,2,0,1,-1,,,1,1,0,0,,1,0,,-1,0,0,,-2,0,2,-2,0,0,2,,0,2,0,0,1,0,,0,1,1,
8349,83,La Française,12,100 rue Martre  (CLICHY),V1,BaseAssetVersion,ACTUAL,STANDARD,2132,0,0,0,-1,2,1,0,-1,-1,0,-2,0,1,0,0,-1,-1,0,1,0,0,0,1,0,-1,0,0,1,-1,0,0,-1,-1,0,0,0,0,-1,2,0,0,,0,0,0,1,-1,-1,-1,,-1,-1,1,0,1,0,0,-1,1,-2,-1,1,-1,,-1,1,-1,0,-1,1,2,-2,2,-1,0,2,0,-1,-1,1,1,0,0,1,1,-1,-1,0,0,-1,-2,0,0,1,0,0,1,,0,0,0,0,1,0,0,0,1,-1,0
8353,86,La Française,12,Axialis 1 et 2 (Saint Denis),V1,BaseAssetVersion,ACTUAL,STANDARD,6081,0,0,-1,-1,2,1,0,-1,0,0,-1,1,0,0,1,-1,-1,0,1,-1,0,0,1,0,-1,0,0,1,-1,0,0,-1,-1,1,-1,1,1,-1,1,0,0,,1,0,0,1,-1,-2,-1,,-1,-1,1,1,1,0,-2,0,0,-2,1,1,1,,-1,1,-1,0,0,1,2,0,2,0,1,-2,0,1,-1,1,1,0,0,1,2,-1,-1,0,0,-1,-2,0,2,1,0,-1,1,,0,1,0,0,1,0,0,0,1,-1,0
8362,100,La Française,12,La Condamine,V1,BaseAssetVersion,ACTUAL,STANDARD,1120,0,0,0,0,2,1,0,-1,0,1,-2,2,2,0,0,-1,-1,-1,1,0,0,0,1,0,-1,2,0,1,-1,0,0,-1,1,0,0,0,0,-1,2,0,1,,0,1,0,1,1,2,-1,,1,-1,-1,1,1,1,0,0,1,2,1,1,-1,,-1,1,-1,0,-1,1,2,-2,2,0,1,2,0,-1,-1,1,1,0,0,0,1,-1,-1,0,0,1,0,-1,2,2,0,0,0,,0,2,0,0,1,0,0,0,1,1,0
9281,35,SwissLife,12,40 Boétie,V2,BaseAssetVersion,ACTUAL,STANDARD,14275,0,0,-1,0,1,1,2,1,0,0,-2,1,1,0,1,1,-1,0,1,0,,,1,0,1,-1,0,1,,0,0,,-1,1,0,0,1,1,2,0,0,,1,1,0,1,-1,1,,,,1,0,,1,1,-2,0,1,-2,2,-1,1,,1,1,-1,0,-1,1,2,-2,2,,1,-2,0,-1,-1,1,,0,0,1,1,,0,0,0,-1,,-1,2,0,0,0,1,,0,1,0,0,1,0,,0,1,-1,0
8492,8,SwissLife,12,70 Lyon,V1,BaseAssetVersion,ACTUAL,STANDARD,3477.9,0,-1,-1,-1,2,,,,0,0,-2,0,0,-1,0,-1,-1,-1,1,0,,,1,-1,,-2,0,1,,0,0,,-1,0,,0,0,,2,0,,,0,0,0,1,1,1,,1,-2,,1,,1,,0,,1,,0,0,-1,,,1,,1,-1,1,2,-2,1,-1,1,2,0,-1,-1,1,,-1,0,1,0,,0,0,0,,,-1,0,2,0,-1,-2,,0,2,0,0,1,0,,0,0,,0
8491,5,SwissLife,12,3 Liège,V1,BaseAssetVersion,ACTUAL,HAUSSMANIEN,1532.1,0,-1,-1,0,2,-1,0,,0,0,-2,0,0,0,0,1,-1,0,0,0,0,,1,0,,1,0,1,1,0,-1,,0,0,,0,0,,2,0,0,,0,1,-2,1,-1,-2,-1,,,,0,1,0,1,0,0,1,-2,-1,2,1,,,1,,0,-1,1,2,-2,0,0,0,-2,0,-1,-1,1,,0,0,0,1,,0,0,0,-1,,-1,0,-1,0,,-1,,0,1,-1,0,1,0,0,-1,1,,0
8493,6,SwissLife,12,Cannoniers,V1,BaseAssetVersion,ACTUAL,STANDARD,5111,0,0,-1,,2,,,,0,0,-2,,,,1,-1,,,1,0,,,1,0,,2,0,1,,0,0,,0,1,,0,0,,2,0,,,0,0,,1,,,,1,,,-1,,0,0,-2,,,-2,1,1,-1,1,,1,,0,0,,2,0,2,,,-2,,,-1,1,,-1,0,0,1,,0,0,0,,,0,1,2,0,-2,-2,,0,,0,0,1,0,,,,,
8509,151,SwissLife,12,Corso Italia,V1,BaseAssetVersion,ACTUAL,STANDARD,8957,0,0,0,,,,,,,0,-2,,,,,-1,,,0,0,,,-1,0,,-1,0,1,,,-1,,,0,,0,0,,,,,,,0,,1,,,,,,,-1,,,,2,,,,-1,,1,,,1,,0,-1,,2,-2,,,0,,,-1,-1,,,,0,,1,,0,0,,,,,1,1,0,,-1,,0,,,0,1,0,,,,,
8510,150,SwissLife,12,Diderot,V1,BaseAssetVersion,ACTUAL,STANDARD,2018,0,0,0,0,2,1,0,-1,0,0,-2,2,2,0,0,-1,-1,0,0,0,2,,1,0,-1,-2,0,-1,-1,0,0,-1,,1,0,0,1,1,2,0,0,,0,0,0,1,2,2,1,,-1,1,1,1,1,1,2,0,1,2,-1,2,1,,1,1,-1,0,-1,1,2,-2,0,0,1,2,1,-1,-1,1,1,0,0,0,1,1,-1,0,0,-1,2,-1,1,1,0,,-2,,0,0,0,0,1,0,2,0,1,1,0
8511,4,SwissLife,12,La Terrasse,V1,BaseAssetVersion,ACTUAL,HAUSSMANIEN,1098,-1,0,-1,0,2,-1,0,,0,0,-2,0,0,0,0,-1,-2,0,1,0,0,0,1,0,,-1,0,1,-1,0,-1,,-1,1,,0,0,,2,0,0,,0,1,0,1,-2,-1,-1,,,,1,,1,1,-2,0,1,-2,0,1,-1,,,1,,0,-1,,2,-2,0,-1,1,-2,0,-1,-1,1,,0,0,1,1,,-1,0,0,-1,-2,-1,1,2,0,-1,-2,,0,0,0,0,1,0,,0,1,,0
8513,7,SwissLife,12,Pasteur,V1,BaseAssetVersion,ACTUAL,STANDARD,1366,0,0,0,,2,1,2,,0,0,-2,1,1,-1,0,-1,,-1,1,0,,,1,0,,2,0,1,1,0,0,,-2,0,-2,0,0,,2,0,0,,0,1,-2,1,0,0,1,,,1,1,,1,1,-2,0,,-2,1,,1,,,1,,0,-1,1,2,-2,2,0,1,-2,0,-1,-1,1,1,0,0,1,0,,0,0,0,,,-1,1,2,0,0,-2,,0,2,0,0,1,0,,,1,-1,0
8517,152,SwissLife,12,Washington,V1,BaseAssetVersion,ACTUAL,STANDARD,13974,0,0,0,,2,,,,,,,,1,0,,,,0,,-1,,,-1,0,,-2,0,1,,0,0,,-1,1,,0,1,,,0,,,1,1,,1,,,,,,,-1,,,,2,,,,1,,,,,1,,,-1,,2,-2,,,1,2,,,-1,,,0,,,2,,0,0,0,,,-1,2,2,,0,-2,,0,,0,0,1,0,,0,1,,
8521,9,SwissLife,12,ZAC de l'Observatoire,V1,BaseAssetVersion,ACTUAL,STANDARD,6033,0,0,0,,2,,2,,0,0,-2,0,2,0,1,1,-1,0,1,0,,0,1,0,,2,-1,1,1,0,0,,-1,0,-2,0,0,,-1,0,0,,0,1,0,1,,-1,,,,1,1,,0,1,,0,,-1,1,0,1,,,1,-1,0,0,1,2,1,0,0,1,-1,,1,-1,1,,0,0,1,1,,-1,0,0,,,-1,1,-1,0,-2,-1,,0,2,0,0,1,0,,0,1,,
8461,19,SwissLife,12,Falguière,V1,BaseAssetVersion,ACTUAL,STANDARD,5930,0,0,0,-1,2,1,2,1,0,0,-2,1,1,0,1,1,-1,-1,1,0,0,,1,0,1,-2,0,1,-1,0,0,-1,-1,1,0,1,1,1,2,0,,,1,1,,1,-2,-1,-1,,-2,1,0,0,1,1,-2,0,0,1,1,-2,1,,1,1,1,0,-1,1,2,-2,1,0,1,2,0,-1,-1,1,1,0,0,1,2,1,-1,0,0,-1,0,-1,0,-2,1,0,-1,,0,2,0,0,1,0,0,0,1,-1,
8465,15,SwissLife,12,Jeuneurs,V1,BaseAssetVersion,ACTUAL,HAUSSMANIEN,3845,0,0,-1,0,1,1,2,,0,0,-2,0,0,0,0,-1,,-1,1,-1,0,,1,0,,1,0,-1,1,0,-1,,-2,0,-2,0,0,,2,0,0,,0,1,-1,1,-2,-2,1,,,1,1,,1,1,-2,0,1,-2,-1,-2,-1,,1,1,,0,-1,1,2,-2,0,0,0,-2,0,-1,-1,1,1,0,0,1,2,,0,0,0,,-2,-1,1,-2,0,,-2,,0,1,0,0,1,0,0,-1,1,1,0
8479,18,SwissLife,12,Les Buisses,V1,BaseAssetVersion,ACTUAL,STANDARD,6182,0,0,0,0,2,1,0,,0,0,-2,,0,0,1,1,-1,,1,0,0,2,1,-1,,2,0,1,1,0,0,,-2,1,,0,0,,-1,0,0,,0,1,-2,1,-1,0,-1,,,,1,,1,1,-2,0,0,-2,1,-2,,,,1,,0,0,1,2,-2,,,1,-2,0,1,-1,1,,0,0,1,0,,0,0,0,,,,2,1,0,0,0,,0,,0,0,1,0,1,,1,,1
8469,17,SwissLife,12,Le Danica,V1,BaseAssetVersion,ACTUAL,STANDARD,16065,-1,0,0,0,2,,0,-1,0,0,-2,0,0,0,1,-1,-1,-1,1,0,2,0,1,0,,2,0,1,,0,0,,-1,0,-2,0,0,,-1,0,0,,0,1,-2,1,-2,,,1,-1,1,0,,0,1,-2,0,0,-2,1,1,-1,,,1,,0,0,1,2,0,2,-1,1,1,,-1,-1,1,,-1,0,1,2,,-1,0,0,,,-1,1,-2,0,-1,-1,,-1,2,,0,,1,,,0,,0
8470,10,SwissLife,12,Le Seranne,V1,BaseAssetVersion,ACTUAL,STANDARD,4168,0,0,-1,,2,,,,0,0,-2,,,,1,-1,,,1,0,,,1,0,,2,0,1,,0,0,,0,1,,0,0,,2,0,,,0,0,,1,,,,1,,,-1,,0,0,-2,,,-2,1,1,-1,1,,1,,0,0,,2,0,2,,,-2,,,-1,1,,-1,0,0,1,,0,0,0,,,0,1,2,0,-2,-2,,0,,0,0,1,0,,,,,
8477,11,SwissLife,12,Le Turgot,V1,BaseAssetVersion,ACTUAL,STANDARD,7194,0,0,0,0,2,1,,,0,0,-2,,,-1,1,1,,,0,0,,,1,0,,2,0,1,1,0,0,,0,1,-2,0,1,,2,0,0,,1,0,0,1,,,,,1,1,2,,0,1,-1,0,,,1,2,1,,,1,,0,0,1,2,-1,2,-1,1,1,0,1,-1,-1,,0,0,1,1,,-1,0,0,,,,2,1,0,0,-2,,0,2,0,0,,1,,,0,,0
8478,148,SwissLife,12,Monsieur,V1,BaseAssetVersion,ACTUAL,STANDARD,2159,0,0,0,0,2,1,0,-1,0,0,-1,1,1,0,1,1,0,0,0,0,,,1,0,-1,-2,0,1,-1,0,-1,-1,,1,0,0,1,,2,0,0,,0,1,0,1,2,2,1,,1,1,-2,1,1,1,2,0,0,2,0,1,1,,1,1,-1,0,-1,1,2,-2,0,0,1,2,1,1,-1,1,,-1,0,1,1,1,0,0,0,-1,,-1,2,2,0,,-2,,0,0,0,0,1,0,2,0,1,1,0
9285,14,SwissLife,12,Saint Georges,V2,BaseAssetVersion,ACTUAL,STANDARD,7876,0,0,0,0,2,1,2,-1,0,1,-2,1,2,0,1,1,2,0,1,0,,2,1,0,,1,0,1,1,0,0,-1,-1,1,-1,0,2,1,2,0,0,1,1,1,0,1,1,1,-1,,,1,1,0,1,1,0,0,1,1,2,1,1,,1,1,-1,0,0,1,2,-2,1,0,1,2,0,-1,-1,1,,0,1,1,2,1,-1,0,0,,-2,-1,2,-1,1,-1,-2,,0,2,0,0,1,0,1,-1,1,1,0
8482,16,SwissLife,12,Suresnes,V1,BaseAssetVersion,ACTUAL,STANDARD,9425,0,0,0,-1,1,1,0,,0,1,-2,0,0,0,0,-1,-1,0,1,0,2,2,1,0,,1,0,1,,0,0,-1,-2,1,0,0,1,,2,0,1,1,1,1,0,1,-1,-1,,,1,1,1,,1,1,-2,0,0,-1,0,0,1,1,,1,,0,0,1,2,-1,1,-1,1,-2,0,1,1,1,1,0,0,0,2,,0,0,-1,,-2,0,2,1,0,-1,1,,0,2,0,0,1,1,0,0,0,1,0
8034,130,Immovalor,12,27 italiens,V1,BaseAssetVersion,ACTUAL,HAUSSMANIEN,4025,0,0,0,0,1,1,0,-1,0,0,-2,1,1,-2,0,1,-1,-1,0,0,0,,1,0,,0,0,-1,-1,0,0,,-1,1,,0,1,,2,0,0,1,1,1,0,1,-1,-2,-1,1,0,,-2,0,1,1,-2,0,0,-2,-2,2,1,1,,1,,0,-1,1,2,-2,1,-1,0,2,0,-1,-1,1,1,-1,0,1,0,,-1,0,-1,,,0,1,0,0,,-2,,0,2,0,0,1,1,0,0,0,-1,0
8045,131,Immovalor,12,BoulogneMorizet,V1,BaseAssetVersion,ACTUAL,STANDARD,998,0,0,-1,-1,2,1,0,,0,0,-2,0,0,0,0,1,-1,-1,0,0,0,0,1,-1,,0,0,-1,,-1,-1,,-1,1,,1,0,1,0,-1,0,,0,0,-2,1,-2,-1,,,-2,,-1,0,1,1,0,,1,-1,0,,1,-1,,1,,0,-1,-1,2,-2,0,,1,0,0,1,-1,1,1,-1,,0,0,-1,0,0,-1,-1,1,0,2,1,0,0,-2,,0,0,0,0,1,0,0,,1,-1,0
8050,132,Immovalor,12,Limonest,V1,BaseAssetVersion,ACTUAL,STANDARD,2921,0,0,0,,2,1,1,,0,0,-2,1,1,0,0,1,-1,-1,0,0,0,2,1,0,1,0,0,1,,0,0,,1,1,0,1,0,1,-2,0,1,,0,0,0,-1,2,2,-1,,-2,1,2,,1,1,2,0,1,2,1,2,1,,1,-1,,0,-1,1,2,-1,1,0,1,2,0,-1,-1,1,1,0,1,1,1,,0,0,0,,2,-1,2,1,1,-2,-2,,0,1,0,0,,0,2,0,1,-1,0
8336,732,Invesco,12,107 Cheapside,V1,BaseAssetVersion,ACTUAL,STANDARD,186510,0,0,0,-1,2,1,2,-1,0,0,-2,1,1,0,1,-1,-1,0,1,0,0,0,1,0,-1,0,0,1,1,0,0,-1,-1,2,,1,1,1,0,0,1,,1,1,,1,-1,-1,-1,,0,1,1,0,1,1,-2,0,0,-1,1,0,1,,,1,1,0,-1,1,2,-2,0,-1,1,-1,0,-1,-1,1,,0,0,1,1,,0,0,0,-1,-2,-1,1,-1,0,0,1,,0,2,0,0,1,0,,0,1,,
8340,734,Invesco,12,34 Lime Street,V1,BaseAssetVersion,ACTUAL,STANDARD,43247,0,0,0,0,2,1,0,-1,-1,0,-2,2,2,0,1,1,-1,0,0,0,0,,1,-1,1,0,0,1,,0,0,-1,1,1,0,0,0,1,0,0,0,,0,0,0,1,0,-1,-1,,0,1,1,0,1,1,-2,0,1,1,0,0,1,,1,1,-1,0,0,1,2,-2,1,0,1,2,0,1,-1,1,0,0,0,1,1,-1,-1,0,0,-1,-1,-1,2,-2,0,,1,,0,0,0,0,1,0,0,0,1,-1,0
8348,662,Invesco,12,Manchester Square,V2,BaseAssetVersion,ACTUAL,STANDARD,6453,0,0,0,,,,,,,0,,,,,0,,-1,,0,-1,,,-1,0,,1,0,1,,0,-1,,,1,,1,1,,,,,,0,0,,1,,,,,1,,1,,,,,,,,-1,,-1,,,1,,0,-1,,2,-2,,0,1,,,-1,-1,,,0,,,0,,-1,0,0,,,,1,-2,0,-2,-1,,0,,,0,,1,,0,,,
8304,703,Invesco,12,Plac Unii-Office,V1,BaseAssetVersion,ACTUAL,TOUR_IGH,57703,0,0,0,0,2,1,2,-1,0,0,-2,1,1,0,1,1,-1,0,1,-1,,0,1,0,-1,0,0,1,1,0,0,-1,-1,1,,0,2,1,2,0,1,,1,1,0,1,0,0,1,,1,,1,1,1,1,2,0,1,0,1,-1,1,,1,1,-1,1,0,1,2,0,,0,1,1,1,1,1,1,1,0,1,0,1,1,0,0,0,1,-1,-1,2,-2,1,0,0,,0,2,0,0,1,0,2,0,1,-1,0
10172,709,Invesco,12,Q22,V4,BaseAssetVersion,ACTUAL,TOUR_IGH,52473,0,0,0,0,2,1,2,1,0,0,1,2,2,0,1,1,-1,0,1,0,1,1,1,0,1,1,0,1,1,0,0,-1,0,2,0,1,1,1,2,0,1,,1,0,0,1,1,1,1,,0,1,1,1,1,1,0,0,1,1,2,1,1,,1,1,1,1,-1,1,2,2,1,0,1,2,1,1,-1,1,1,0,1,1,0,1,-1,0,0,1,0,-1,0,-2,1,0,2,,0,2,0,0,1,2,2,0,1,1,0
8309,704,Invesco,12,Ronda de San Pedro 5,V1,BaseAssetVersion,ACTUAL,STANDARD,4129,0,0,0,0,2,1,2,,0,0,-2,2,2,0,0,-1,2,0,1,0,0,,1,0,1,0,0,1,-1,0,0,,0,1,0,0,2,-1,0,0,0,,0,1,0,1,-1,0,-1,,2,1,0,,1,1,-2,0,1,-2,0,1,-1,,1,1,,0,-1,1,2,-2,2,-1,1,-2,0,-1,-1,-1,1,-1,0,1,1,1,0,0,0,,-2,-1,2,-1,0,,-2,,0,0,0,0,1,1,1,0,0,-1,0
8200,694,Invesco,12,Stara Celnice,V1,BaseAssetVersion,ACTUAL,STANDARD,12410,0,0,-1,0,1,1,2,-1,0,0,-2,2,2,0,0,-1,0,0,1,0,,2,1,0,1,0,0,1,-1,-1,0,-1,2,1,0,0,1,1,0,0,1,,1,1,0,1,2,2,1,,0,,-1,1,1,1,1,0,1,1,-1,1,-1,,1,1,-1,0,-1,1,2,-2,1,0,1,2,0,-1,-1,1,1,0,1,0,0,1,-1,0,0,1,-2,-1,0,-2,0,0,1,,0,2,0,-1,1,0,0,0,1,-1,1
8196,729,Invesco,12,Corso 2A,V1,BaseAssetVersion,ACTUAL,STANDARD,13912,0,0,0,0,2,1,2,,0,0,-2,1,2,0,1,1,0,0,1,0,2,2,1,0,1,-1,0,1,1,0,0,1,0,1,0,0,1,1,1,0,1,,0,0,-2,1,-1,-1,1,,0,1,1,1,1,1,-2,0,0,-1,1,0,1,,1,1,1,0,-1,1,2,-2,0,0,1,-1,0,-1,-1,1,1,0,,1,1,1,-1,0,0,1,-2,0,1,-2,0,-1,1,,0,2,0,0,1,0,0,0,1,-1,0
8201,730,Invesco,12,Corso Court,V1,BaseAssetVersion,ACTUAL,STANDARD,17207,0,0,0,0,1,1,2,1,0,0,-2,1,1,0,1,1,-1,0,1,-1,2,0,1,0,1,2,0,1,1,0,0,1,0,1,0,0,1,1,1,0,1,,0,1,0,1,1,0,1,,-1,1,1,1,1,1,0,0,0,0,2,-2,1,,1,1,1,0,0,1,2,-2,2,0,1,2,1,1,-1,1,1,0,1,1,0,1,-1,0,0,1,0,0,2,-2,0,0,2,,0,0,0,0,1,0,2,0,1,1,0
8217,731,Invesco,12,Riverview,V1,BaseAssetVersion,ACTUAL,STANDARD,7316.36,0,0,0,0,2,1,2,,0,0,-2,2,2,0,1,1,-1,0,1,0,2,2,1,0,1,2,0,1,1,0,0,1,1,1,0,0,1,1,0,0,1,,0,1,0,1,0,0,1,,1,1,1,0,1,1,0,0,1,0,1,2,1,,1,1,,0,-1,1,2,-2,2,0,1,1,1,1,-1,1,1,0,1,1,2,1,-1,0,0,1,0,-1,2,-2,0,0,1,,0,0,0,0,1,1,2,0,1,1,0
10176,642,Invesco,12,Broletto,V3,BaseAssetVersion,ACTUAL,STANDARD,6499,0,0,0,0,2,1,2,-1,0,1,-2,0,2,0,1,1,-1,-1,1,0,0,0,1,0,1,-1,0,1,1,0,0,-1,2,1,0,0,1,-1,2,0,1,,1,1,0,1,2,2,1,,0,1,1,,1,1,2,0,,2,1,2,1,,1,1,-1,0,-1,1,2,-1,1,0,1,2,1,-1,-1,1,0,0,1,0,1,1,-2,0,0,1,2,0,2,1,0,0,-1,,0,2,0,0,1,1,2,0,1,1,1
10168,713,Invesco,12,Meravigli,V3,BaseAssetVersion,ACTUAL,STANDARD,12988,0,0,0,0,2,1,2,-1,0,0,-2,2,2,0,1,1,1,-1,0,0,0,,1,0,,2,0,1,1,0,0,1,2,2,0,1,2,1,2,0,0,,0,1,0,1,1,1,1,,1,1,0,1,1,1,0,0,1,1,2,0,1,,1,1,,0,-1,1,2,-2,2,0,1,2,0,-1,1,1,1,0,0,1,0,1,0,0,0,,0,-1,1,-2,0,0,-2,,,2,0,0,1,0,2,0,1,1,0
10156,644,Invesco,12,Time Building,V4,BaseAssetVersion,ACTUAL,STANDARD,11151,0,0,0,0,2,1,2,-1,0,0,-2,1,1,0,1,-1,0,0,1,0,0,0,1,0,1,1,0,1,,0,0,1,2,2,0,0,1,-1,0,0,1,,1,1,0,1,1,1,1,,0,1,1,,1,1,0,0,1,1,1,0,1,-1,-1,1,-1,0,-1,1,2,0,2,0,1,2,1,-1,-1,1,0,0,,1,0,1,-1,0,0,-1,0,-1,2,0,0,0,0,-1,0,1,0,0,1,1,2,0,1,1,1
8296,650,Invesco,12,Via Crocefisso,V1,BaseAssetVersion,ACTUAL,STANDARD,8592.23,-1,0,0,0,2,1,1,-1,-1,0,-2,1,1,0,1,1,-1,0,1,0,2,0,1,0,-1,2,0,1,1,0,0,-1,1,1,0,0,0,1,2,0,1,,0,1,0,1,2,2,-1,,-1,-1,1,1,1,1,-2,0,1,2,1,1,1,,1,1,-1,0,-1,1,2,-2,1,0,1,-2,1,1,-1,1,1,0,0,0,1,-1,0,0,0,1,2,-1,2,1,0,0,1,,0,1,0,0,1,0,2,0,1,1,0
8297,649,Invesco,12,Ticinese,V1,BaseAssetVersion,ACTUAL,STANDARD,13524,0,0,0,0,1,1,0,,-1,0,-2,0,1,0,1,1,-1,0,1,0,2,,1,0,1,1,0,1,-1,0,0,,0,0,0,0,0,1,2,0,0,-1,1,1,0,1,-1,2,1,,0,1,1,,1,1,-2,0,1,,-1,2,1,,1,1,,0,-1,1,2,-2,2,-1,1,-2,0,-1,-1,-1,,0,0,1,0,,0,0,0,1,-2,-1,2,-2,0,0,-1,,0,2,0,0,1,0,2,-1,1,-1,0
9148,155,Invesco,12,Die Welle,V2,BaseAssetVersion,ACTUAL,STANDARD,67443,0,0,0,0,2,1,2,1,0,1,-2,1,1,0,1,1,-1,0,1,0,2,0,1,0,1,2,0,1,1,0,0,1,2,1,0,1,1,1,2,0,1,,1,1,0,1,2,1,1,,0,1,1,1,1,1,-2,0,1,1,1,1,1,,1,1,,1,-1,1,2,-2,2,0,1,-2,1,1,1,1,1,0,1,1,2,1,0,0,0,1,,0,2,1,1,0,1,,0,2,0,0,1,2,2,0,1,1,1
9682,648,Invesco,12,Neue Hopfenpost,V3,BaseAssetVersion,ACTUAL,STANDARD,52749,-1,0,-1,0,2,1,2,-1,0,0,0,1,1,-1,1,1,2,0,0,0,0,0,1,0,,0,0,1,-1,0,0,,0,1,-1,0,0,,2,0,1,,1,1,0,1,2,2,1,,2,1,1,0,1,1,1,0,1,2,1,-2,1,,1,1,1,0,-1,1,2,2,1,0,1,1,0,1,-1,1,1,0,0,0,2,1,0,0,0,1,-2,-1,2,-2,0,0,0,,0,2,0,0,1,0,1,0,1,-1,0
8273,154,Invesco,12,MaRo74,V1,BaseAssetVersion,ACTUAL,STANDARD,6824,0,0,0,0,2,1,2,1,0,0,-2,1,1,0,0,-1,0,0,0,0,2,2,1,0,-1,1,0,1,-1,0,0,-1,2,2,0,0,1,1,2,0,1,,1,0,-1,1,1,0,1,,0,1,1,0,1,1,0,0,0,0,0,1,1,,1,1,-1,0,-1,1,2,-2,1,0,1,2,1,1,-1,-1,1,0,1,0,1,1,-1,-1,0,1,1,0,2,-2,0,0,1,,0,2,0,0,1,1,2,0,0,1,1
7538,735,Invesco,12,Quattro Berlin,V0,BaseAssetVersion,ACTUAL,STANDARD,30938,0,0,0,-1,2,1,2,-1,0,1,-2,1,1,0,1,1,-1,0,1,0,0,2,1,0,1,2,0,1,,0,-1,-1,0,1,0,0,1,1,1,0,1,,1,1,0,1,1,1,1,,2,1,1,1,1,1,-1,0,1,1,2,0,1,,1,1,-1,0,-1,1,2,0,1,0,1,2,1,1,-1,1,1,0,1,1,1,1,0,0,0,-1,0,-1,0,0,0,0,1,,0,2,0,0,1,0,0,0,1,1,1
8280,1000,Invesco,12,Quattro Hamburg,V1,BaseAssetVersion,ACTUAL,STANDARD,20937,0,0,-1,-1,1,1,2,,0,0,-2,0,2,0,1,1,-1,0,1,0,0,2,1,0,1,2,0,1,,,-1,,1,1,-1,0,0,1,,0,0,,1,1,0,1,-1,-1,,,0,1,-1,0,0,0,-2,0,1,-1,2,0,1,,1,1,1,0,-1,1,2,-2,1,0,1,-2,0,-1,-1,1,1,0,1,1,0,1,-1,0,0,1,-2,0,2,-2,0,0,0,,0,2,0,0,1,0,,0,1,-1,0
9521,978,Invesco,12,Die Welle 1,V5,BaseAssetVersion,ACTUAL,STANDARD,78541.19,0,0,0,0,2,1,2,1,0,1,0,2,2,0,1,1,0,0,1,0,2,2,1,0,1,2,0,1,1,0,0,1,1,2,0,1,1,1,2,0,1,,1,1,0,1,2,2,1,,1,1,-1,1,1,1,-1,0,1,2,2,1,1,,1,1,1,1,0,1,2,2,2,0,1,1,1,1,1,1,1,0,1,1,2,1,0,0,0,1,2,0,2,-1,1,0,2,,0,2,0,0,1,2,2,0,1,1,1
9522,979,Invesco,12,Die Welle 3,V5,BaseAssetVersion,ACTUAL,STANDARD,24429.73,0,0,0,0,2,1,2,1,0,1,0,2,2,0,1,1,0,0,1,0,2,2,1,0,1,2,0,1,1,0,0,1,0,2,0,1,1,1,2,0,1,,1,1,0,1,2,2,1,,1,1,-1,1,1,1,-1,0,1,2,2,1,1,,1,1,1,1,0,1,2,2,2,0,1,0,1,1,1,1,1,0,1,1,2,1,0,0,0,1,2,0,2,-1,1,0,2,,0,2,0,0,1,2,2,0,1,1,1
8221,711,Invesco,12,37 Champs Elysees,V1,BaseAssetVersion,ACTUAL,HAUSSMANIEN,1832,0,0,0,0,2,1,0,-1,0,0,,0,0,0,0,-1,0,0,1,0,0,,1,0,1,2,0,1,-1,0,0,-1,1,1,,0,1,-1,2,0,0,,0,1,0,1,1,0,-1,,0,,-1,0,1,1,0,0,0,2,1,1,-1,,1,1,-1,0,-1,1,2,-2,2,-1,1,2,0,-1,1,,0,0,,0,1,-1,0,0,0,-1,0,-1,0,1,0,,-1,,0,0,0,0,1,2,,0,1,-1,0
8228,666,Invesco,12,2 Thann,V1,BaseAssetVersion,ACTUAL,HAUSSMANIEN,4371,0,0,0,0,2,1,2,,0,1,-2,2,2,0,1,1,1,0,1,0,2,2,1,0,,2,0,1,1,0,0,-1,,1,0,0,1,1,2,0,1,,0,1,0,1,1,0,1,,2,1,2,0,1,1,0,0,1,0,2,0,1,,1,1,,0,0,1,2,-2,0,0,1,2,0,-1,-1,1,1,0,,0,0,1,-1,0,0,,0,-1,0,-1,1,0,-2,,-1,2,0,0,1,2,2,0,1,1,0
19029,43,Invesco,12,173 Haussmann,V2,BaseAssetVersion,ACTUAL,STANDARD,10000,0,0,0,0,2,1,2,1,0,0,0,2,2,0,1,1,-1,0,0,0,2,2,1,0,1,1,0,1,1,0,-1,1,0,1,0,0,2,1,2,0,1,,1,1,0,1,2,2,1,,1,1,1,1,1,1,2,0,1,2,1,1,1,,1,1,1,1,0,1,2,-2,1,0,1,2,1,1,-1,1,1,0,1,1,1,1,0,0,0,1,2,0,2,2,1,-1,-2,,0,2,0,0,1,2,2,0,1,1,1
10212,116,Invesco,12,Capital 8,V6,BaseAssetVersion,ACTUAL,STANDARD,40053,0,0,0,0,2,1,2,-1,0,1,-1,0,1,0,1,1,-1,0,1,0,0,2,1,0,1,0,0,1,1,0,0,-1,-1,1,0,1,1,-1,2,0,1,,1,1,-2,1,-1,-1,-1,,-2,1,1,1,1,1,1,0,1,-1,1,0,1,,-1,1,-1,1,0,1,2,-2,1,-1,1,2,0,1,-1,1,1,0,1,0,1,1,0,0,0,-1,-2,-1,2,1,1,-1,0,,0,2,0,0,1,2,0,0,1,-1,0
8229,712,Invesco,12,43 Capucines,V2,BaseAssetVersion,ACTUAL,STANDARD,4916,0,0,0,-1,2,1,0,-1,-1,0,-1,1,1,0,1,1,-1,-1,0,0,0,,1,0,-1,0,0,1,-1,0,-1,-1,-2,1,-1,0,1,1,0,0,0,,0,0,0,1,0,0,1,,0,-1,-1,0,1,0,-1,0,,0,0,1,1,,1,1,-1,0,-1,1,2,-1,2,-1,1,1,0,-1,1,-1,0,0,0,1,0,-1,0,0,0,-1,-1,-1,2,-2,0,,-2,,0,2,0,0,1,1,1,0,1,-1,0
8245,105,Invesco,12,Emblem,V1,BaseAssetVersion,ACTUAL,TOUR_IGH,25704,0,0,0,0,2,1,2,,0,0,,2,2,0,1,1,-1,0,1,0,2,,1,0,1,1,0,1,,,0,,,2,0,0,1,1,2,0,1,,1,0,0,1,2,2,1,,0,1,1,,1,1,2,0,,2,2,1,1,,1,1,,,0,1,2,-1,,0,1,2,,1,-1,1,,0,,1,2,,-1,0,0,,2,0,2,-1,,0,-2,,0,,0,0,1,0,2,0,1,1,1
9957,669,Invesco,12,Gangaren A,V2,BaseAssetVersion,ACTUAL,STANDARD,10184,0,0,0,0,2,1,2,-1,0,0,-2,0,0,0,1,1,1,0,1,0,2,2,1,0,-1,0,0,1,-1,0,0,-1,0,1,0,0,0,1,0,0,1,,0,0,0,1,0,1,-1,,1,-1,-1,0,1,1,1,0,1,1,-1,,1,,1,1,1,0,-1,1,2,-2,0,-1,0,2,1,1,-1,1,1,0,0,1,2,1,-1,0,-1,-1,1,-1,0,-2,0,,0,,0,2,0,0,1,0,0,0,1,-1,1
8317,670,Invesco,12,Gangaren B,V1,BaseAssetVersion,ACTUAL,STANDARD,10064,0,0,0,0,2,1,2,-1,0,1,-2,0,1,0,1,1,-1,0,0,0,2,2,1,0,-1,-2,0,1,-1,0,0,-1,0,1,0,0,0,1,0,0,1,,0,1,0,1,1,1,-1,,-1,-1,1,0,1,1,0,0,1,1,1,,1,,1,1,1,0,-1,1,2,-2,,-1,1,2,1,1,-1,1,1,0,0,1,1,1,-1,0,-1,-1,0,-1,0,-2,1,,0,,0,2,0,0,1,0,0,0,1,-1,0
8324,671,Invesco,12,Gangaren C,V1,BaseAssetVersion,ACTUAL,STANDARD,7505,0,0,0,0,2,1,2,-1,0,0,-2,0,0,0,1,1,-1,0,0,0,2,2,1,0,-1,0,0,1,-1,0,-1,-1,0,1,0,0,0,1,0,0,1,,0,1,0,1,0,0,-1,,-1,-1,1,0,1,1,0,0,1,0,-1,,1,,1,1,1,0,0,1,2,-2,1,-1,0,2,1,1,-1,-1,1,0,0,1,1,1,-1,0,0,-1,0,-1,2,-2,0,,1,,0,2,0,0,1,0,0,0,1,-1,0
8329,651,Invesco,12,Skalen,V4,BaseAssetVersion,ACTUAL,STANDARD,21893,0,0,0,0,2,1,0,-1,,0,-2,0,0,0,0,-1,1,0,1,0,0,0,1,0,-1,-2,0,1,-1,0,0,-1,0,1,0,0,-1,1,2,0,1,,1,0,0,1,-1,-2,-1,,2,1,1,,1,1,-2,0,0,-2,-1,,1,,1,1,1,0,0,1,2,-2,0,-1,0,-2,1,-1,-1,1,0,0,1,0,1,-1,-1,0,0,1,-2,-1,0,-2,0,0,-1,,0,2,0,0,1,0,0,0,1,-1,0
8128,30,SwissLife,12,Wagram,V1,BaseAssetVersion,ACTUAL,HAUSSMANIEN,4214.4,0,0,-1,-1,1,1,,,0,0,-2,0,0,0,0,-1,,0,0,0,,,1,-1,1,1,0,1,,0,0,,0,1,0,0,1,,2,0,,1,1,1,-2,1,0,0,,1,0,,-1,,1,1,-2,0,,,0,-2,1,,,1,,0,-1,1,2,-2,0,-1,1,-2,1,-1,-1,1,,0,0,0,2,,-1,0,0,,,-1,2,1,0,0,-2,,0,,0,0,1,0,,0,1,1,0
8119,21,SwissLife,12,1 Mal Lattre Tassigny,V1,BaseAssetVersion,ACTUAL,STANDARD,10789,-1,0,-1,-1,1,-1,0,-1,0,0,-2,0,0,0,0,-1,,0,0,-1,0,1,1,0,,-2,0,1,-1,0,0,-1,,1,-2,0,0,-1,2,-1,0,1,0,1,0,1,-2,-2,-1,1,,,0,,1,1,-2,0,0,-2,2,-2,1,1,1,1,,0,0,1,2,-2,0,-1,1,-2,0,1,-1,1,,0,0,,1,1,0,0,0,-1,,-1,0,-2,0,,-1,,0,0,-1,0,1,0,0,-1,1,,0
8133,33,SwissLife,12,83 Boétie,V1,BaseAssetVersion,ACTUAL,HAUSSMANIEN,3383,0,0,0,0,2,1,0,1,0,0,-2,1,1,0,0,1,-1,0,0,0,0,2,1,0,1,-1,0,1,-1,0,-1,-1,-1,1,0,0,0,1,2,-1,0,,0,1,0,1,,,-1,1,-1,,0,1,1,0,-2,-1,0,,0,-1,1,1,1,1,-1,0,-1,1,2,-2,2,-1,1,0,0,1,-1,-1,,-1,0,0,0,,-1,0,-1,1,,-1,2,2,0,0,-1,,0,0,0,0,1,0,0,,1,-1,0
8145,23,SwissLife,12,86 Haussmann,V1,BaseAssetVersion,ACTUAL,STANDARD,22456,0,0,0,0,1,1,2,1,0,1,-2,2,2,0,1,1,-1,0,1,0,,2,1,0,1,0,0,1,-1,0,-1,1,-1,1,-2,0,1,1,2,0,0,,1,1,0,1,-1,-2,,,-1,1,1,,1,1,-2,0,1,-2,2,1,1,,,1,,0,-1,-1,2,-2,0,0,1,-2,0,1,-1,1,1,0,0,1,2,,0,0,0,,,0,2,1,0,0,-1,,0,2,0,0,1,0,0,0,0,-1,0
8152,31,SwissLife,12,Casanova,V1,BaseAssetVersion,ACTUAL,STANDARD,2146,0,-1,-1,,2,,,,0,0,-2,,0,0,1,-1,,-1,0,0,,2,1,-1,,-1,0,1,,-1,-1,,,1,,0,1,,2,0,0,,1,1,0,1,0,0,,,,,-1,,1,1,-2,-1,,,-1,2,-1,,,1,,0,-1,,2,-2,1,-1,0,1,0,-1,-1,1,,0,1,0,2,,-1,0,0,,,0,2,2,0,0,-2,,-1,2,0,0,,2,,-1,,,
8157,29,SwissLife,12,Dammartin,V1,BaseAssetVersion,ACTUAL,STANDARD,3224,,-1,-1,-1,0,,,,,0,-2,,,,0,-1,,,0,0,,,-1,0,,-2,0,1,,,-1,,,0,,0,-1,,2,-1,0,,1,1,,1,-2,,,,,,-2,,1,,2,,,,,,-1,,,1,,0,-1,,2,-2,,,,-2,0,1,-1,1,,0,0,1,2,,-1,-1,0,,,,0,-1,0,,-2,,0,,,-1,,0,,,,,
8165,24,SwissLife,12,Grl Gaulle,V1,BaseAssetVersion,ACTUAL,STANDARD,9263,0,0,0,0,2,,0,,0,0,-2,,,0,1,-1,,0,1,-1,,2,1,0,,-2,0,1,-1,0,-1,,0,1,,1,0,1,2,-1,0,,1,0,0,1,,,,,,,0,0,1,,-1,0,0,,1,,-1,,1,1,,0,-1,,2,-2,0,0,1,1,0,-1,-1,1,1,-1,0,1,1,,-1,0,0,,,-1,0,-2,0,,1,,0,2,0,0,1,0,,,,,
8166,25,SwissLife,12,La Grande Armée,V1,BaseAssetVersion,ACTUAL,HAUSSMANIEN,6443,0,0,0,-1,2,,0,-1,0,0,-2,,,0,1,-1,0,0,1,-1,,2,1,0,1,-2,0,1,-1,0,-1,-1,,1,,0,1,1,2,0,0,,1,1,0,1,,,,,1,,0,0,1,,,0,0,,0,,-1,,1,1,-1,0,-1,-1,2,-2,1,0,1,2,0,-1,-1,1,1,-1,0,0,1,,-1,0,0,-1,,-1,0,-2,0,,1,,0,0,0,0,1,1,,0,1,,0
8170,20,SwissLife,12,Marcel Dassault,V1,BaseAssetVersion,ACTUAL,STANDARD,19375.5,0,0,-1,0,,1,0,,0,1,-2,1,1,-1,0,1,,,1,0,0,2,1,0,1,-1,0,1,,0,0,,,1,,0,0,1,2,0,0,1,0,1,,1,,-2,-1,,1,,-1,,1,1,-2,0,0,,1,,1,,1,1,,0,0,1,2,-2,0,-1,1,-2,0,1,-1,,,0,0,0,1,,-1,0,0,-1,-2,,0,-1,0,0,-2,,0,2,0,0,1,0,,,1,-1,0
8175,34,SwissLife,12,Quatuor,V1,BaseAssetVersion,ACTUAL,STANDARD,816,0,0,0,0,2,1,,,0,0,0,,,0,0,-1,0,-1,0,0,0,2,1,0,1,0,0,1,,0,-1,,1,0,0,0,0,,2,-1,,1,0,0,0,1,2,1,-1,1,-1,,-1,,1,1,1,0,,1,0,,-1,1,1,1,,0,-1,1,2,-2,1,0,1,2,0,-1,-1,1,,0,0,1,1,,0,0,0,,1,-1,2,-1,0,0,-2,,0,,0,0,1,0,,0,1,,
8179,26,SwissLife,12,Richelieu,V1,BaseAssetVersion,ACTUAL,STANDARD,6079,0,0,-1,-1,1,1,2,,0,0,-2,,,0,0,,-2,-1,1,0,2,2,1,0,,-1,0,1,-1,0,0,,-1,0,0,0,0,,2,0,0,,0,1,0,1,,,,,-2,,0,,1,1,-2,0,,,0,,1,,,1,,0,-1,1,2,-2,0,0,0,,,1,-1,,,0,0,,2,,-1,0,0,,,,2,1,0,0,-2,,-1,,0,0,1,0,,,,,0
8180,22,SwissLife,12,Université,V1,BaseAssetVersion,ACTUAL,STANDARD,9679,0,0,0,-1,2,1,2,1,0,1,-2,1,1,0,0,-1,-1,0,1,0,,,1,0,1,2,0,1,-1,0,-1,,-2,1,-2,0,0,,1,0,0,,0,1,0,1,,,,,,1,1,,1,1,-2,,0,,0,,,,,1,,0,-1,1,2,-2,,-1,1,-2,,1,-1,,,0,0,,1,,-1,0,0,,,-1,2,1,,-1,1,,0,,0,0,1,0,,,1,,
8187,32,SwissLife,12,Valmy,V1,BaseAssetVersion,ACTUAL,STANDARD,7816.6,0,0,0,0,2,1,2,,0,1,-2,1,1,0,1,1,0,-1,0,0,2,,1,0,,0,0,1,1,0,-1,,-1,1,0,1,0,-1,2,0,0,1,1,1,-2,1,0,0,1,,,,-1,,0,0,-2,0,0,,1,-2,1,,,1,,0,0,1,2,-2,2,0,1,1,0,-1,-1,1,,-1,0,1,2,,0,0,0,,,-1,2,-2,1,-1,-2,,0,1,0,0,1,0,2,0,1,,0
8192,149,SwissLife,12,VivierMerle,V1,BaseAssetVersion,ACTUAL,STANDARD,3960,0,0,0,-1,2,1,,,0,0,,0,0,0,0,-1,-2,-1,1,0,0,,1,0,1,0,0,1,1,0,0,,,1,0,0,1,1,2,0,0,,0,1,0,1,,-2,,,-2,1,0,0,0,0,-1,0,1,-2,1,1,-1,,1,1,-1,0,-1,-1,2,-2,0,-1,1,2,0,-1,-1,-1,1,,0,1,0,1,0,0,0,,-2,-1,0,1,0,0,-2,,0,,0,0,1,1,0,0,,-1,0
8357,85,La Française,12,City Defense,V1,BaseAssetVersion,ACTUAL,STANDARD,1726,-1,0,0,0,2,,,,0,,,1,1,0,1,1,,0,1,0,,,1,0,,0,0,1,,0,0,,-1,1,0,1,1,,1,,,,,0,0,1,0,-1,,,,,1,,1,1,-1,0,1,-1,1,,1,,,-1,,0,0,,2,-1,,0,1,0,0,-1,-1,,,,1,0,2,,-1,0,0,,-1,-1,2,-1,1,0,0,,0,,0,0,1,1,,0,1,-1,0
8358,99,La Française,12,Crisco,V1,BaseAssetVersion,ACTUAL,STANDARD,8643,0,0,0,0,2,,0,,0,1,,2,2,0,1,1,-1,0,1,0,2,2,1,0,,1,0,1,,0,0,,-2,1,,0,1,,2,0,0,,1,0,0,1,2,-2,,1,-2,,-1,1,1,1,2,0,1,2,1,1,-1,,,1,,0,0,,2,-2,,0,1,2,1,1,-1,,1,0,0,1,0,,-1,0,0,,2,-1,2,-2,1,0,-2,,0,0,0,0,,0,,0,1,-1,
8063,139,Groupama,12,10 Cimarosa,V1,BaseAssetVersion,ACTUAL,HAUSSMANIEN,1263,0,0,-1,0,1,-1,1,-1,0,0,-2,0,0,0,1,-1,-1,-1,0,0,0,0,1,0,,1,0,1,-1,0,-1,-1,,1,,0,2,1,2,0,0,,0,1,0,1,-2,0,-1,,0,,-2,1,1,1,1,0,1,-2,-2,,-1,,1,1,-1,0,0,1,2,-2,0,0,0,-2,0,-1,-1,1,1,-1,0,0,1,-1,0,0,0,,0,-1,1,0,0,0,-2,,0,0,-1,-1,1,0,1,0,1,-1,0
8076,140,Groupama,12,21Thabor,V1,BaseAssetVersion,ACTUAL,HAUSSMANIEN,1528,-1,-1,-1,-1,0,-1,0,-1,0,0,-2,0,0,0,1,1,0,0,0,0,0,,-1,-1,1,2,0,1,-1,0,0,,0,1,,0,2,1,2,-1,0,,0,1,-1,1,1,0,-1,,0,,-2,1,1,1,-2,0,0,1,-1,-2,-1,,1,1,-1,0,-1,1,2,-2,0,-1,0,2,0,-1,-1,-1,1,0,0,0,1,1,0,0,-1,-1,0,-1,1,0,0,,-2,,0,0,0,-1,1,0,1,-1,1,,0
8087,141,Groupama,12,25VilleLeveque,V1,BaseAssetVersion,ACTUAL,STANDARD,5981,0,0,0,0,2,1,1,1,0,0,-2,1,1,0,0,1,-1,0,0,0,2,,1,0,1,2,0,1,-1,0,-1,1,-1,2,-1,0,1,1,2,0,0,,0,1,0,1,-1,2,-1,,0,-1,0,1,1,1,-2,0,1,-1,1,-1,1,,1,1,1,0,-1,1,2,-2,1,0,1,-2,0,-1,-1,1,1,0,1,0,1,1,0,0,0,1,-2,-1,0,-1,0,,-2,,0,2,0,0,1,0,1,0,0,1,0
8102,143,Groupama,12,44LouisBlanc,V1,BaseAssetVersion,ACTUAL,HAUSSMANIEN,2363,0,-1,-1,0,1,1,,,0,0,-2,0,0,0,1,1,-1,0,,0,0,,1,0,,2,0,-1,-1,0,,,-1,1,-1,0,-1,,2,0,0,,0,1,-2,1,-2,-1,-1,,,1,-1,1,1,1,-2,0,,-2,-1,0,1,,,1,,0,-1,1,2,-2,1,-1,1,-2,0,-1,-1,1,,0,0,1,2,,,0,0,,,-1,1,-2,0,,-2,,,,0,0,1,0,,-1,1,-1,0
8107,146,Groupama,12,TourDeBretagne,V1,BaseAssetVersion,ACTUAL,TOUR_IGH,1357,0,0,0,0,,,,,-1,,-2,1,0,0,1,1,,0,1,0,,,1,0,1,2,0,1,-1,0,0,,-1,1,,1,0,,,0,,,1,0,,1,,1,,,,,2,,,,0,0,,,1,-2,1,,,1,,0,0,1,2,-2,1,,1,-2,0,-1,-1,1,,0,0,0,2,,-2,0,0,,,0,1,-2,,0,2,,-1,,0,0,1,1,,,,,
8075,138,Groupama,12,10 Chauchat,V0,BaseAssetVersion,ACTUAL,HAUSSMANIEN,1834,0,0,0,-1,2,-1,0,-1,0,0,-2,1,1,0,0,1,-1,0,1,0,0,,1,0,-1,0,0,-1,-1,0,0,-1,,1,,0,2,1,2,0,,,0,1,0,1,1,2,-1,,0,,-2,1,1,1,2,-1,0,2,-1,-1,1,,1,1,-1,0,-1,-1,2,-2,0,-1,0,2,0,-1,-1,,0,0,0,0,2,,0,0,-1,,0,-1,0,0,0,,-2,,-1,0,0,-1,1,0,0,0,1,-1,0
8265,646,Invesco,12,Gansemarkt 45,V1,BaseAssetVersion,ACTUAL,STANDARD,11927,0,0,-1,0,2,1,2,1,0,0,1,0,2,0,1,-1,-1,0,0,0,0,2,1,0,1,1,0,1,-1,0,-1,,1,0,0,1,0,-1,1,0,1,-1,1,1,0,1,-1,-1,1,1,0,1,1,1,1,1,1,0,1,-1,0,,1,,1,1,1,0,-1,1,2,-2,2,0,0,2,0,-1,-1,1,1,0,1,1,0,1,0,0,0,1,-2,0,2,-2,0,0,1,,0,2,0,0,1,1,2,0,1,1,1
8547,28,SwissLife,12,43 Liège,V0,BaseAssetVersion,ACTUAL,HAUSSMANIEN,1714,0,-1,-1,-1,1,1,0,-1,,0,-2,0,2,0,0,-1,,0,0,0,0,1,-1,-1,-1,0,0,-1,-1,0,-1,-1,1,1,-2,0,1,1,2,-1,0,1,0,1,0,1,,,-1,1,,1,-2,1,0,1,,-1,0,,-2,-2,-1,-1,1,1,-1,1,-1,1,2,-2,0,-1,0,,0,-1,-1,-1,1,0,1,0,0,-1,-1,0,0,-1,,-1,1,2,0,0,-2,1,0,0,-1,-1,0,0,0,-1,1,-1,0
8564,12,SwissLife,12,Montrouge,V0,BaseAssetVersion,ACTUAL,STANDARD,10313,0,0,0,-1,1,-1,2,,0,1,-2,0,0,,0,1,-1,0,1,0,1,1,1,0,,0,0,-1,-1,0,0,,-1,1,-1,1,0,-1,0,0,,1,0,0,,1,-1,-2,,1,,1,-1,,0,,-2,0,1,-2,1,,1,-1,-1,1,,1,0,-1,2,-2,0,-1,1,-1,0,1,-1,1,0,-1,0,1,0,-1,-1,0,0,,,0,1,1,0,-1,0,1,0,0,0,0,1,-1,0,0,1,,0
8615,847,Covea,12,13 Grolier,V0,BaseAssetVersion,ACTUAL,STANDARD,11689,0,0,0,,2,,,,0,0,,2,2,,1,1,-1,0,,,,,1,0,,2,0,1,,0,,,,,,0,1,,2,,,,0,0,,1,2,1,,,-2,,,1,1,,1,0,,1,0,,1,,,1,,0,0,1,2,-1,,0,1,2,,,-1,1,1,0,,,1,,,0,0,,1,-1,0,-1,0,0,2,,,,,0,1,0,,0,1,,
24813,1016,Benchmark RQR,12,Prime Office Paris 12th/13th,V1,BaseAssetVersion,ACTUAL,STANDARD,,0,0,0,0,2,1,2,-1,0,1,-1,2,2,0,1,1,0,0,1,0,2,2,1,0,1,0,0,1,-1,0,0,1,1,1,0,1,1,1,2,0,1,,1,1,0,1,2,2,1,,1,1,1,1,1,1,2,0,1,2,2,0,1,,1,1,1,0,0,1,2,2,1,0,1,2,1,1,1,1,1,0,1,1,1,1,-1,0,0,1,2,-1,2,0,0,0,2,,0,2,0,0,1,1,0,0,1,1,1
25009,1021,VINCI Facilities,12,100 av de France Benchmark_Vinci Facilities,V4,BaseAssetVersion,ACTUAL,STANDARD,12226,0,0,0,-1,2,1,0,-1,0,1,-2,2,2,0,1,1,0,-1,1,0,0,0,1,0,1,0,0,1,-1,0,-1,-1,2,1,-2,1,2,1,2,0,0,-1,1,0,0,1,-1,-2,-1,,0,-1,1,1,1,1,-2,0,0,1,1,-2,1,-1,-1,1,-1,0,0,1,2,0,1,0,1,2,0,1,-1,1,1,0,0,1,0,1,-1,0,0,-1,0,-1,2,-2,0,-1,2,,0,2,0,0,1,0,0,0,1,1,0
8887,1013,AEW,12,CB3 Benchmark,V0,BaseAssetVersion,ACTUAL,TOUR_IGH,45504,0,0,0,0,2,1,2,-1,-1,1,-2,2,2,0,1,1,-2,0,1,0,0,0,1,0,-1,1,0,1,-1,0,0,-1,-1,0,-2,1,1,-1,1,0,1,,1,1,0,1,-2,-2,-1,,1,-1,0,0,1,1,-2,0,0,-2,1,1,1,,-1,1,-1,0,-1,1,2,1,0,-1,1,-2,0,1,-1,-1,1,0,1,1,2,-1,-1,0,0,-1,-2,-1,0,1,1,-1,2,,0,2,0,0,1,0,0,0,1,1,0
9888,1024,AEW,12,Velizy Villacoublay NA,V5,BaseAssetVersion,ACTUAL,STANDARD,13431.6,0,0,0,0,2,1,2,1,0,0,-2,2,2,0,1,1,-1,0,1,0,0,2,1,0,1,1,0,1,1,0,0,1,0,1,-1,0,1,1,2,0,1,,1,1,0,1,1,1,-1,,-1,1,1,1,1,1,1,0,1,1,2,0,1,,1,1,1,0,0,1,2,2,2,0,1,2,1,1,-1,1,1,0,1,0,1,1,0,0,0,1,1,0,1,-2,1,0,2,,0,2,0,0,1,0,1,0,1,1,0
9889,1025,AEW,12,Velizy Villacoublay NB,V5,BaseAssetVersion,ACTUAL,STANDARD,15310,0,0,0,0,2,1,2,1,0,0,-2,2,2,0,1,1,-1,0,1,-1,0,2,1,0,1,1,0,1,1,0,0,1,0,1,-1,0,1,-1,2,0,1,,1,1,0,1,1,1,-1,,-1,1,1,1,1,1,1,0,1,1,1,0,1,,1,1,1,0,0,1,2,2,2,0,1,2,1,1,-1,1,1,0,1,0,1,1,-1,0,0,1,1,0,1,-2,1,-1,2,,0,2,0,0,1,0,1,0,1,1,0
9890,1026,AEW,12,Velizy Villacoublay NC,V5,BaseAssetVersion,ACTUAL,STANDARD,15276,0,0,0,0,2,1,2,1,0,0,-2,2,2,0,1,1,-1,0,1,-1,0,2,1,0,1,1,0,1,1,0,0,1,0,1,-1,0,1,1,2,0,1,,1,1,0,1,1,1,-1,,-1,1,1,1,1,1,1,0,1,1,1,0,1,,1,1,1,0,0,1,2,2,2,0,1,2,1,1,-1,1,1,0,1,0,1,1,-1,0,0,1,1,0,1,-2,1,-1,2,,0,2,0,0,1,0,1,0,1,1,0
9900,1030,AEW,12,Velizy Villacoublay NA Benchmark,V5,BaseAssetVersion,ACTUAL,STANDARD,13431.6,0,0,0,0,2,1,2,1,0,0,-2,2,2,0,1,1,-1,0,1,0,0,2,1,0,1,1,0,1,1,0,0,1,0,1,-1,0,1,1,2,0,1,,1,1,0,1,1,1,-1,,-1,1,1,1,1,1,1,0,1,1,2,0,1,,1,1,1,0,0,1,2,2,2,0,1,2,1,1,-1,1,1,0,1,0,1,1,0,0,0,1,1,0,1,-2,1,0,2,,0,2,0,0,1,0,1,0,1,1,0
9901,1031,AEW,12,Velizy Villacoublay NB Benchmark,V5,BaseAssetVersion,ACTUAL,STANDARD,15310,0,0,0,0,2,1,2,1,0,0,-2,2,2,0,1,1,-1,0,1,-1,0,2,1,0,1,1,0,1,1,0,0,1,0,1,-1,0,1,-1,2,0,1,,1,1,0,1,1,1,-1,,-1,1,1,1,1,1,1,0,1,1,1,0,1,,1,1,1,0,0,1,2,2,2,0,1,2,1,1,-1,1,1,0,1,0,1,1,-1,0,0,1,1,0,1,-2,1,-1,2,,0,2,0,0,1,0,1,0,1,1,0
9902,1032,AEW,12,Velizy Villacoublay NC Benchmark,V5,BaseAssetVersion,ACTUAL,STANDARD,15276,0,0,0,0,2,1,2,1,0,0,-2,2,2,0,1,1,-1,0,1,-1,0,2,1,0,1,1,0,1,1,0,0,1,0,1,-1,0,1,1,2,0,1,,1,1,0,1,1,1,-1,,-1,1,1,1,1,1,1,0,1,1,1,0,1,,1,1,1,0,0,1,2,2,2,0,1,2,1,1,-1,1,1,0,1,0,1,1,-1,0,0,1,1,0,1,-2,1,-1,2,,0,2,0,0,1,0,1,0,1,1,0
10135,1039,Schneider Electric,12,IntenCity,V4,BaseAssetVersion,ACTUAL,STANDARD,26000,0,0,0,,2,1,0,1,0,1,2,2,2,0,1,1,1,0,1,0,2,2,1,0,1,2,0,1,1,0,-1,1,2,1,0,0,1,1,2,0,1,1,1,1,0,1,2,1,1,1,0,1,1,1,1,1,1,0,1,1,2,-2,1,,1,1,1,0,-1,1,2,2,0,0,1,2,1,1,-1,1,1,0,1,1,0,1,-1,0,0,1,1,0,1,-1,1,,0,,0,2,0,0,1,1,2,0,1,1,0
12322,1182,Perial AM,12,Gennevilliers,V2,BaseAssetVersion,ACTUAL,STANDARD,14525,0,0,0,0,2,1,0,1,0,1,-2,2,2,0,1,1,-1,0,1,0,0,2,1,0,1,1,0,1,1,0,0,1,-1,1,0,1,0,1,,0,1,1,0,1,0,1,-1,-1,-1,,0,1,0,0,1,1,-2,0,1,-1,1,0,-1,,1,1,1,1,0,1,2,0,1,-1,1,-2,1,1,-1,1,1,-1,0,1,1,1,0,0,0,1,-2,-1,1,-2,1,0,0,,0,2,0,0,1,1,0,0,1,1,1
11327,1183,Perial AM,12,Prime Office Paris Boucle Nord,V4,BaseAssetVersion,ACTUAL,,,0,0,0,0,2,1,2,1,0,1,-2,2,2,0,1,1,-1,0,1,0,0,2,1,0,1,1,0,1,1,0,0,1,-1,1,0,1,1,1,2,0,1,,1,1,0,1,2,2,-1,,-1,1,0,0,1,1,2,0,1,2,1,0,1,,1,1,1,1,0,1,2,0,1,0,1,2,1,1,-1,1,1,0,0,1,1,1,0,0,0,1,2,-1,2,1,1,0,2,,0,2,0,0,1,1,0,0,1,1,1
12318,1184,Perial AM,12,Gennevilliers Benchmark,V1,BaseAssetVersion,ACTUAL,STANDARD,14525,0,0,0,0,2,1,0,1,0,1,-2,2,2,0,1,1,-1,0,1,0,0,2,1,0,1,1,0,1,1,0,0,1,-1,1,0,1,0,1,,0,1,1,0,1,0,1,-1,-1,-1,,0,1,0,0,1,1,-2,0,1,-1,1,0,-1,,1,1,1,1,0,1,2,0,1,-1,1,-2,1,1,-1,1,1,-1,0,1,1,1,0,0,0,1,-2,-1,1,-2,1,0,0,,0,2,0,0,1,1,0,0,1,1,1
16952,1839,Service_Provider_Invesco,12,Die Welle 1_ServiceProvider,V0,BaseAssetVersion,ACTUAL,STANDARD,78541.19,0,0,0,0,2,1,2,1,0,1,0,2,2,0,1,1,0,0,1,0,2,2,1,0,1,2,0,1,1,0,0,1,1,2,0,1,1,1,2,0,1,,1,1,0,1,2,2,1,,1,1,-1,1,1,1,-1,0,1,2,2,1,1,,1,1,1,1,0,1,2,2,2,0,1,1,1,1,1,1,1,0,1,1,2,1,0,0,0,1,2,0,2,-1,1,0,2,,0,2,0,0,1,2,2,0,1,1,1
16958,1840,Service_Provider_Invesco,12,Die Welle 3_ServiceProvider,V0,BaseAssetVersion,ACTUAL,STANDARD,24429.73,0,0,0,0,2,1,2,1,0,1,0,2,2,0,1,1,0,0,1,0,2,2,1,0,1,2,0,1,1,0,0,1,0,2,0,1,1,1,2,0,1,,1,1,0,1,2,2,1,,1,1,-1,1,1,1,-1,0,1,2,2,1,1,,1,1,1,1,0,1,2,2,2,0,1,0,1,1,1,1,1,0,1,1,2,1,0,0,0,1,2,0,2,-1,1,0,2,,0,2,0,0,1,2,2,0,1,1,1
24833,2447,Groupama,12,27 Opera,V4,BaseAssetVersion,ACTUAL,HAUSSMANIEN,3548,0,0,,0,2,,0,,0,0,-2,,2,0,1,1,-1,0,1,0,,,1,0,,0,0,1,,0,-1,,0,1,-1,0,1,,2,0,0,-1,1,1,0,1,2,2,,,,1,1,,1,1,1,0,1,0,0,,1,,,1,,0,-1,1,2,-1,1,0,1,-2,0,-1,-1,1,1,0,1,0,2,,-1,0,0,,,-1,0,0,0,,1,,0,0,,0,1,2,,0,1,1,0
24817,2625,AEW,12,100 av de France_Benchmark,V2,BaseAssetVersion,ACTUAL,STANDARD,12226,0,0,0,-1,2,1,0,-1,0,1,-2,2,2,0,1,1,0,-1,1,0,0,0,1,0,1,0,0,1,-1,0,-1,-1,2,1,-2,1,2,1,2,0,0,-1,1,0,0,1,-1,-2,-1,,0,-1,1,1,1,1,-2,0,0,1,1,-2,1,-1,-1,1,-1,0,0,1,2,0,1,0,1,2,0,1,-1,1,1,0,0,1,0,1,-1,0,0,-1,0,-1,2,-2,0,-1,2,,0,2,0,0,1,0,0,0,1,1,0
34425,2396,Invesco,12,Boost St Denis,V1,BaseAssetVersion,ACTUAL,STANDARD,17500,0,0,0,0,2,1,0,1,0,1,1,2,2,0,1,1,-1,0,1,0,2,2,1,0,1,1,0,1,1,0,0,1,,1,0,0,1,1,2,0,1,,1,1,0,1,2,2,1,,0,1,1,1,1,1,2,0,1,2,2,1,1,,1,1,1,0,-1,1,2,0,1,0,1,2,1,1,-1,1,0,0,0,1,1,1,0,0,0,1,2,-1,2,-2,1,0,0,,0,2,0,0,1,0,2,0,1,1,1
33961,2783,Invesco,12,Boost St Denis_Benchmark,V3,BaseAssetVersion,ACTUAL,STANDARD,17500,0,0,0,0,2,1,0,1,0,1,1,2,2,0,1,1,-1,0,1,0,2,2,1,0,1,1,0,1,1,0,0,1,,1,0,0,1,1,2,0,1,,1,1,0,1,2,2,1,,0,1,1,1,1,1,2,0,1,2,2,1,1,,1,1,1,0,-1,1,2,0,1,0,1,2,1,1,-1,1,0,0,0,1,1,1,0,0,0,1,2,-1,2,-2,1,0,0,,0,2,0,0,1,0,2,0,1,1,1
32793,3605,Nhood,12,LUniversite,V0,BaseAssetVersion,ACTUAL,STANDARD,49395,0,0,0,-1,2,1,2,1,0,1,-2,2,2,-1,1,1,-1,0,1,-1,0,0,1,0,1,-1,0,1,1,0,0,1,-2,1,0,1,0,1,0,0,0,-1,1,1,-1,1,-1,-1,1,,0,1,1,0,0,1,-2,0,0,-1,2,0,1,-1,1,1,-1,0,0,1,2,-1,1,0,1,-2,0,1,-1,1,1,0,0,1,1,1,-1,0,0,1,-2,0,2,-2,1,-1,1,,0,0,0,0,1,0,0,0,1,1,0
32825,3609,Nhood,12,Luniversite_T1,V0,BaseAssetVersion,ACTUAL,STANDARD,49395,0,0,-1,0,2,1,2,,-1,1,1,1,2,-1,1,1,-1,0,1,0,0,0,1,0,1,1,0,1,-1,0,-1,,-2,1,0,0,0,1,2,0,0,1,1,1,-2,1,0,0,-1,,-1,-1,1,0,1,1,-2,0,1,0,1,-2,1,,1,1,,0,0,1,2,-2,0,0,1,-2,0,1,-1,1,1,0,0,0,1,,-1,0,0,,-2,-1,2,-2,0,-1,-1,,0,2,0,0,1,0,0,0,1,,1
32857,3610,Nhood,12,Univers Cite,V2,BaseAssetVersion,ACTUAL,STANDARD,,0,0,0,0,,,,,0,1,,0,0,,1,1,-1,0,1,-1,,,1,0,,-2,0,1,,,-1,,,0,,0,0,1,0,0,1,,0,0,,1,-2,-2,,,,,-1,,1,,-2,0,,-2,2,,1,,,1,,0,0,,2,2,0,-1,1,,,1,-1,1,,0,0,0,0,,-2,0,,,-2,-1,1,-2,0,,-2,,0,,0,0,1,0,,,1,,
34433,3807,RQR,12,MSH,V1,BaseAssetVersion,ACTUAL,,,0,0,-1,0,2,1,2,1,0,1,,2,1,0,1,1,-1,0,1,0,,,1,0,1,2,0,1,,0,0,1,-1,1,,1,1,,2,0,1,,1,1,,1,-2,0,,,,1,1,,1,,-2,0,,-2,1,1,1,,,1,1,0,0,1,2,-1,1,0,1,-2,0,-1,1,1,1,,1,1,0,,-1,0,0,1,-2,-1,1,1,1,-1,2,,0,2,0,0,1,1,,0,1,1,1